site_id,elevation,shore,snow_t,snow_t1,date,year,day,order,pit_tag_ref,donor,sex,length,weight,bd_load,survival
70134,3018,0,120.90400000000001,51.054,2006-08-08,2006,220,1,080048850,72996,f,50,14,26687.999999999996,0
70134,3018,0,120.90400000000001,51.054,2006-08-08,2006,220,1,080050269,72996,m,48,10,0,0
70134,3018,0,120.90400000000001,51.054,2006-08-08,2006,220,1,080051294,72996,f,56,18,0,0
70134,3018,0,120.90400000000001,51.054,2006-08-08,2006,220,1,080054113,72996,m,50,14,0,0.625
70134,3018,0,120.90400000000001,51.054,2006-08-08,2006,220,1,080055046,72996,m,54,13,393072,0
70134,3018,0,120.90400000000001,51.054,2006-08-08,2006,220,1,080058318,72996,m,45,7,0,0
70134,3018,0,120.90400000000001,51.054,2006-08-08,2006,220,1,090852530,72996,m,49,12,26016,0.75
70134,3018,0,120.90400000000001,51.054,2006-08-08,2006,220,1,090867313,72996,m,49,12,32640,0
70134,3018,0,120.90400000000001,51.054,2006-08-08,2006,220,1,090876364,72996,f,54,14,0,0
70134,3018,0,120.90400000000001,51.054,2006-08-08,2006,220,1,090894361,72996,m,51,16,0,0
70134,3018,0,120.90400000000001,51.054,2006-08-08,2006,220,1,091007632,72996,m,52,12,48,0
70134,3018,0,120.90400000000001,51.054,2006-08-08,2006,220,1,091022607,72996,f,55,15,18816,0
70134,3018,0,120.90400000000001,51.054,2006-08-08,2006,220,1,091024289,72996,f,51,14,11184,0.625
70134,3018,0,120.90400000000001,51.054,2006-08-08,2006,220,1,091024307,72996,f,52,14,6000,0
70134,3018,0,120.90400000000001,51.054,2006-08-08,2006,220,1,091034029,72996,f,54,14,22752,0
70134,3018,0,120.90400000000001,51.054,2006-08-08,2006,220,1,091058003,72996,m,46,9,7296,0
70134,3018,0,120.90400000000001,51.054,2006-08-08,2006,220,1,091059098,72996,f,49,10,2352,0
70134,3018,0,120.90400000000001,51.054,2006-08-08,2006,220,1,091067532,72996,m,50,12,44016,0.625
70134,3018,0,120.90400000000001,51.054,2006-08-08,2006,220,1,091104058,72996,f,47,9,3648,0
70134,3018,0,120.90400000000001,51.054,2006-08-08,2006,220,1,091106639,72996,f,54,14,16608,0
70134,3018,0,120.90400000000001,51.054,2006-08-08,2006,220,1,091124286,72996,f,56,15,37296,0
70134,3018,0,120.90400000000001,51.054,2006-08-08,2006,220,1,091358025,72996,f,51,12,144,0
70134,3018,0,120.90400000000001,51.054,2006-08-08,2006,220,1,091382828,72996,f,47,11,16176,0
70134,3018,0,120.90400000000001,51.054,2006-08-08,2006,220,1,091516832,72996,m,48,9,912,0
70134,3018,0,120.90400000000001,51.054,2006-08-08,2006,220,1,091523602,72996,m,51,11,484272,0
70134,3018,0,120.90400000000001,51.054,2006-08-08,2006,220,1,091525022,72996,f,56,17,1344.0000000000002,0
70134,3018,0,120.90400000000001,51.054,2006-08-08,2006,220,1,091528519,72996,m,56,19,4944,0
70134,3018,0,120.90400000000001,51.054,2006-08-08,2006,220,1,091529283,72996,f,58,18,1200,0
70134,3018,0,120.90400000000001,51.054,2006-08-08,2006,220,1,091530312,72996,m,54,16,72768,0
70134,3018,0,120.90400000000001,51.054,2006-08-08,2006,220,1,091536862,72996,m,49,10,16224,0
70134,3018,0,120.90400000000001,51.054,2006-08-08,2006,220,1,091557864,72996,f,48,11,432,0
70134,3018,0,120.90400000000001,51.054,2006-08-08,2006,220,1,091558058,72996,f,51,12,33264,0
70134,3018,0,120.90400000000001,51.054,2006-08-08,2006,220,1,091567092,72996,f,51,12,144,1
70134,3018,0,120.90400000000001,51.054,2006-08-08,2006,220,1,091572817,72996,m,52,15,8496,0
70134,3018,0,120.90400000000001,51.054,2006-08-08,2006,220,1,091581524,72996,f,53,17,0,0
70134,3018,0,120.90400000000001,51.054,2006-08-08,2006,220,1,091585885,72996,f,54,15,0,0.5
70134,3018,0,120.90400000000001,51.054,2006-08-08,2006,220,1,091592591,72996,m,48,10,0,0
70134,3018,0,120.90400000000001,51.054,2006-08-08,2006,220,1,091593803,72996,f,54,15,528,0
70134,3018,0,120.90400000000001,51.054,2006-08-08,2006,220,1,091602591,72996,m,48,12,0,0
70134,3018,0,120.90400000000001,51.054,2006-08-08,2006,220,1,091603798,72996,m,48,11,43584,0
70414,2471,0,120.90400000000001,51.054,2006-07-18,2006,199,1,080047783,72996,m,50,10,3744,0
70414,2471,0,120.90400000000001,51.054,2006-07-18,2006,199,1,080050325,72996,f,49,10,0,0
70414,2471,0,120.90400000000001,51.054,2006-07-18,2006,199,1,080053099,72996,m,55,14,1392,0
70414,2471,0,120.90400000000001,51.054,2006-07-18,2006,199,1,080054873,72996,m,55,13,45744,0
70414,2471,0,120.90400000000001,51.054,2006-07-18,2006,199,1,080055025,72996,f,51,12,4464,0
70414,2471,0,120.90400000000001,51.054,2006-07-18,2006,199,1,080055334,72996,f,54,13,480,0
70414,2471,0,120.90400000000001,51.054,2006-07-18,2006,199,1,080058043,72996,f,46,10,0,0
70414,2471,0,120.90400000000001,51.054,2006-07-18,2006,199,1,080058516,72996,f,54,14,0,0
70414,2471,0,120.90400000000001,51.054,2006-07-18,2006,199,1,090871274,72996,m,47,11,13536,0
70414,2471,0,120.90400000000001,51.054,2006-07-18,2006,199,1,090893577,72996,m,48,11,2784,0
70414,2471,0,120.90400000000001,51.054,2006-07-18,2006,199,1,091015595,72996,f,46,10,480,0
70414,2471,0,120.90400000000001,51.054,2006-07-18,2006,199,1,091025053,72996,m,45,10,2496,0
70414,2471,0,120.90400000000001,51.054,2006-07-18,2006,199,1,091025592,72996,m,51,12,10704,0
70414,2471,0,120.90400000000001,51.054,2006-07-18,2006,199,1,091029333,72996,f,50,9,70416,0
70414,2471,0,120.90400000000001,51.054,2006-07-18,2006,199,1,091057583,72996,m,48,10,2160,0
70414,2471,0,120.90400000000001,51.054,2006-07-18,2006,199,1,091089263,72996,m,56,13,5088,0
70414,2471,0,120.90400000000001,51.054,2006-07-18,2006,199,1,091104806,72996,f,50,11,11328,0
70414,2471,0,120.90400000000001,51.054,2006-07-18,2006,199,1,091109549,72996,f,50,13,6432,0
70414,2471,0,120.90400000000001,51.054,2006-07-18,2006,199,1,091114006,72996,f,44,9,816.0000000000001,0
70414,2471,0,120.90400000000001,51.054,2006-07-18,2006,199,1,091283821,72996,m,51,11,6144,0
70414,2471,0,120.90400000000001,51.054,2006-07-18,2006,199,1,091292290,72996,m,48,10,240,0
70414,2471,0,120.90400000000001,51.054,2006-07-18,2006,199,1,091336372,72996,f,52,12,96,0
70414,2471,0,120.90400000000001,51.054,2006-07-18,2006,199,1,091347614,72996,f,59,16,11760,0
70414,2471,0,120.90400000000001,51.054,2006-07-18,2006,199,1,091362526,72996,f,48,10,0,0
70414,2471,0,120.90400000000001,51.054,2006-07-18,2006,199,1,091513056,72996,f,49,10,13968,0
70414,2471,0,120.90400000000001,51.054,2006-07-18,2006,199,1,091522614,72996,f,44,9,4752,0
70414,2471,0,120.90400000000001,51.054,2006-07-18,2006,199,1,091538610,72996,m,46,8,960,0
70414,2471,0,120.90400000000001,51.054,2006-07-18,2006,199,1,091546090,72996,m,52,11,0,0
70414,2471,0,120.90400000000001,51.054,2006-07-18,2006,199,1,091549862,72996,m,47,8,7968,0
70414,2471,0,120.90400000000001,51.054,2006-07-18,2006,199,1,091552028,72996,f,45,8,528,0
70414,2471,0,120.90400000000001,51.054,2006-07-18,2006,199,1,091554889,72996,f,51,11,5376.000000000001,0
70414,2471,0,120.90400000000001,51.054,2006-07-18,2006,199,1,091556840,72996,f,48,10,6432,0
70414,2471,0,120.90400000000001,51.054,2006-07-18,2006,199,1,091576079,72996,f,54,13,48575.99999999999,0
70414,2471,0,120.90400000000001,51.054,2006-07-18,2006,199,1,091582797,72996,m,50,18,0,0
70414,2471,0,120.90400000000001,51.054,2006-07-18,2006,199,1,091586097,72996,f,53,13,10368,0
70414,2471,0,120.90400000000001,51.054,2006-07-18,2006,199,1,091592889,72996,f,51,13,1152,0
70414,2471,0,120.90400000000001,51.054,2006-07-18,2006,199,1,091594065,72996,m,52,12,576,0
70414,2471,0,120.90400000000001,51.054,2006-07-18,2006,199,1,091598801,72996,f,49,12,0,0
70414,2471,0,120.90400000000001,51.054,2006-07-18,2006,199,1,092789121,72996,m,48,10,2208,0
70550,3200,1,120.90400000000001,51.054,2006-08-07,2006,219,1,062374570,72996,f,51,12,2928,1
70550,3200,1,120.90400000000001,51.054,2006-08-07,2006,219,1,080045534,72996,m,53,14,8544,0.2
70550,3200,1,120.90400000000001,51.054,2006-08-07,2006,219,1,080045779,72996,f,52,13,3840,1
70550,3200,1,120.90400000000001,51.054,2006-08-07,2006,219,1,080048769,72996,f,47,11,1824,0.4
70550,3200,1,120.90400000000001,51.054,2006-08-07,2006,219,1,080052585,72996,m,46,9,2160,0.8
70550,3200,1,120.90400000000001,51.054,2006-08-07,2006,219,1,080068126,72996,f,49,12,720,0
70550,3200,1,120.90400000000001,51.054,2006-08-07,2006,219,1,080374566,72996,m,50,12,28224,0
70550,3200,1,120.90400000000001,51.054,2006-08-07,2006,219,1,090873349,72996,m,48,11,0,1
70550,3200,1,120.90400000000001,51.054,2006-08-07,2006,219,1,090891807,72996,f,55,15,14736,0
70550,3200,1,120.90400000000001,51.054,2006-08-07,2006,219,1,091020125,72996,m,49,10,0,0
70550,3200,1,120.90400000000001,51.054,2006-08-07,2006,219,1,091021044,72996,m,47,11,336.00000000000006,1
70550,3200,1,120.90400000000001,51.054,2006-08-07,2006,219,1,091022277,72996,f,54,14,34944,1
70550,3200,1,120.90400000000001,51.054,2006-08-07,2006,219,1,091034860,72996,f,49,10,6048,0
70550,3200,1,120.90400000000001,51.054,2006-08-07,2006,219,1,091063878,72996,f,49,13,30432,0
70550,3200,1,120.90400000000001,51.054,2006-08-07,2006,219,1,091066872,72996,m,46,10,6528.000000000001,0
70550,3200,1,120.90400000000001,51.054,2006-08-07,2006,219,1,091072047,72996,m,48,10,7056,1
70550,3200,1,120.90400000000001,51.054,2006-08-07,2006,219,1,091094305,72996,f,46,6,144,0.2
70550,3200,1,120.90400000000001,51.054,2006-08-07,2006,219,1,091110803,72996,f,56,16,15408,1
70550,3200,1,120.90400000000001,51.054,2006-08-07,2006,219,1,091120768,72996,m,48,10,18000,1
70550,3200,1,120.90400000000001,51.054,2006-08-07,2006,219,1,091315561,72996,f,52,12,0,1
70550,3200,1,120.90400000000001,51.054,2006-08-07,2006,219,1,091318870,72996,m,54,18,24432,1
70550,3200,1,120.90400000000001,51.054,2006-08-07,2006,219,1,091320558,72996,m,50,14,58512,1
70550,3200,1,120.90400000000001,51.054,2006-08-07,2006,219,1,091336278,72996,m,48,9,0,1
70550,3200,1,120.90400000000001,51.054,2006-08-07,2006,219,1,091344771,72996,m,45,10,7680,1
70550,3200,1,120.90400000000001,51.054,2006-08-07,2006,219,1,091346622,72996,f,48,10,0,0.2
70550,3200,1,120.90400000000001,51.054,2006-08-07,2006,219,1,091356306,72996,m,50,11,96,0.2
70550,3200,1,120.90400000000001,51.054,2006-08-07,2006,219,1,091356534,72996,m,53,14,1536,1
70550,3200,1,120.90400000000001,51.054,2006-08-07,2006,219,1,091357564,72996,m,48,10,720,0.2
70550,3200,1,120.90400000000001,51.054,2006-08-07,2006,219,1,091515292,72996,f,50,11,3552,0
70550,3200,1,120.90400000000001,51.054,2006-08-07,2006,219,1,091529336,72996,f,63,24,11376,0
70550,3200,1,120.90400000000001,51.054,2006-08-07,2006,219,1,091530379,72996,f,51,14,240,1
70550,3200,1,120.90400000000001,51.054,2006-08-07,2006,219,1,091571769,72996,m,47,9,0,1
70550,3200,1,120.90400000000001,51.054,2006-08-07,2006,219,1,091572056,72996,m,51,14,3168,0
70550,3200,1,120.90400000000001,51.054,2006-08-07,2006,219,1,091573095,72996,m,53,16,0,1
70550,3200,1,120.90400000000001,51.054,2006-08-07,2006,219,1,091575537,72996,m,51,12,96,1
70550,3200,1,120.90400000000001,51.054,2006-08-07,2006,219,1,091582279,72996,m,48,11,4896,0.2
70550,3200,1,120.90400000000001,51.054,2006-08-07,2006,219,1,091582868,72996,f,54,12,1056,0.4
70550,3200,1,120.90400000000001,51.054,2006-08-07,2006,219,1,091601297,72996,f,56,15,53568,0
70550,3200,1,120.90400000000001,51.054,2006-08-07,2006,219,1,118001058990,72996,f,48,11,144,1
70550,3200,1,120.90400000000001,51.054,2006-08-07,2006,219,1,900118001060333,72996,f,55,17,0,1
70505,2879,0,80.518,67.31,2008-07-15,2008,197,1,985121011993027,72996,m,46,9,240,0
70505,2879,0,80.518,67.31,2008-07-15,2008,197,1,985121012022903,72996,m,57,16,1584,0
70505,2879,0,80.518,67.31,2008-07-15,2008,197,1,985121012023064,72996,f,44,10,0,0
70505,2879,0,80.518,67.31,2008-07-15,2008,197,1,985121012024075,72996,m,50,12,108432,0
70505,2879,0,80.518,67.31,2008-07-15,2008,197,1,985121012024446,72996,m,48,12,1824,0
70505,2879,0,80.518,67.31,2008-07-15,2008,197,1,985121012025789,72996,m,46,10,1008,0
70505,2879,0,80.518,67.31,2008-07-15,2008,197,1,985121012025876,72996,f,50,10,8112,0
70505,2879,0,80.518,67.31,2008-07-15,2008,197,1,985121012027934,72996,m,47,10,3216,0
70505,2879,0,80.518,67.31,2008-07-15,2008,197,1,985121012028875,72996,f,45,10,432,0
70505,2879,0,80.518,67.31,2008-07-15,2008,197,1,985121012029294,72996,m,50,11,91872,0
70505,2879,0,80.518,67.31,2008-07-15,2008,197,1,985121012029339,72996,m,49,10,48,1
70505,2879,0,80.518,67.31,2008-07-15,2008,197,1,985121012029379,72996,f,55,15,11376,0
70505,2879,0,80.518,67.31,2008-07-15,2008,197,1,985121012029973,72996,m,46,8,0,1
70505,2879,0,80.518,67.31,2008-07-15,2008,197,1,985121012030430,72996,f,53,14,0,0
70505,2879,0,80.518,67.31,2008-07-15,2008,197,1,985121012031001,72996,f,49,12,2928,0
70505,2879,0,80.518,67.31,2008-07-15,2008,197,1,985121012031275,72996,m,51,12,13632,1
70505,2879,0,80.518,67.31,2008-07-15,2008,197,1,985121012031889,72996,m,42,8,22992,0
70505,2879,0,80.518,67.31,2008-07-15,2008,197,1,985121012034712,72996,f,49,12,0,0
70505,2879,0,80.518,67.31,2008-07-15,2008,197,1,985121012035780,72996,m,57,16,192,1
70505,2879,0,80.518,67.31,2008-07-15,2008,197,1,985121012055247,72996,m,47,10,528,1
70505,2879,0,80.518,67.31,2008-07-15,2008,197,1,985153000075201,72996,f,53,12,5664,0
70505,2879,0,80.518,67.31,2008-07-15,2008,197,1,985153000075205,72996,m,54,17,8304,0
70505,2879,0,80.518,67.31,2008-07-15,2008,197,1,985153000075208,72996,f,52,16,1104,0
70505,2879,0,80.518,67.31,2008-07-15,2008,197,1,985153000075219,72996,f,52,14,480,1
70505,2879,0,80.518,67.31,2008-07-15,2008,197,1,985153000075228,72996,f,52,13,2400,0
70505,2879,0,80.518,67.31,2008-07-15,2008,197,1,985153000075233,72996,f,47,13,2064,0.25
70505,2879,0,80.518,67.31,2008-07-15,2008,197,1,985153000075235,72996,m,49,12,0,0
70505,2879,0,80.518,67.31,2008-07-15,2008,197,1,985153000075236,72996,f,52,13,816.0000000000001,0
70505,2879,0,80.518,67.31,2008-07-15,2008,197,1,985153000075239,72996,m,47,10,336.00000000000006,0
70505,2879,0,80.518,67.31,2008-07-15,2008,197,1,985153000075244,72996,f,58,20,144,0
70505,2879,0,80.518,67.31,2008-07-15,2008,197,1,985153000075252,72996,f,48,10,96,0
70505,2879,0,80.518,67.31,2008-07-15,2008,197,1,985153000075269,72996,m,48,12,2160,0
70505,2879,0,80.518,67.31,2008-07-15,2008,197,1,985153000075273,72996,m,53,12,48,0
70505,2879,0,80.518,67.31,2008-07-15,2008,197,1,985153000075284,72996,m,49,11,0,0
70505,2879,0,80.518,67.31,2008-07-15,2008,197,1,985153000075285,72996,m,46,10,2064,0
70505,2879,0,80.518,67.31,2008-07-15,2008,197,1,985153000075295,72996,m,50,14,768,0
70619,3237,1,80.518,67.31,2008-07-15,2008,197,1,985121011981122,72996,m,54,16,768,0
70619,3237,1,80.518,67.31,2008-07-15,2008,197,1,985121011986696,72996,m,48,10,1104,0
70619,3237,1,80.518,67.31,2008-07-15,2008,197,1,985121011988199,72996,m,50,11,3935.9999999999995,0
70619,3237,1,80.518,67.31,2008-07-15,2008,197,1,985121011991157,72996,m,48,12,5808,0
70619,3237,1,80.518,67.31,2008-07-15,2008,197,1,985121012023060,72996,m,50,12,8352,0
70619,3237,1,80.518,67.31,2008-07-15,2008,197,1,985121012023067,72996,m,47,9,144,0
70619,3237,1,80.518,67.31,2008-07-15,2008,197,1,985121012024185,72996,m,53,15,2160,1
70619,3237,1,80.518,67.31,2008-07-15,2008,197,1,985121012024211,72996,m,47,11,4272,0
70619,3237,1,80.518,67.31,2008-07-15,2008,197,1,985121012024601,72996,m,44,10,5520,1
70619,3237,1,80.518,67.31,2008-07-15,2008,197,1,985121012025837,72996,m,46,9,48,1
70619,3237,1,80.518,67.31,2008-07-15,2008,197,1,985121012026041,72996,m,46,10,96,0
70619,3237,1,80.518,67.31,2008-07-15,2008,197,1,985121012027480,72996,m,47,10,144,0
70619,3237,1,80.518,67.31,2008-07-15,2008,197,1,985121012027520,72996,m,50,11,48288,0
70619,3237,1,80.518,67.31,2008-07-15,2008,197,1,985121012027625,72996,m,47,11,20928,0
70619,3237,1,80.518,67.31,2008-07-15,2008,197,1,985121012028461,72996,f,52,14,96,0
70619,3237,1,80.518,67.31,2008-07-15,2008,197,1,985121012028793,72996,m,49,10,3120,0
70619,3237,1,80.518,67.31,2008-07-15,2008,197,1,985121012029320,72996,f,50,12,240,0
70619,3237,1,80.518,67.31,2008-07-15,2008,197,1,985121012029588,72996,m,53,14,5040,0
70619,3237,1,80.518,67.31,2008-07-15,2008,197,1,985121012029728,72996,m,43,8,192,0
70619,3237,1,80.518,67.31,2008-07-15,2008,197,1,985121012030900,72996,f,51,13,2928,0.5
70619,3237,1,80.518,67.31,2008-07-15,2008,197,1,985121012031389,72996,f,50,11,0,0.5
70619,3237,1,80.518,67.31,2008-07-15,2008,197,1,985121012033178,72996,m,51,12,3216,0
70619,3237,1,80.518,67.31,2008-07-15,2008,197,1,985121012052049,72996,m,47,8,672.0000000000001,0
70619,3237,1,80.518,67.31,2008-07-15,2008,197,1,985121012056454,72996,f,59,16,2880,0
70619,3237,1,80.518,67.31,2008-07-15,2008,197,1,985121013699370,72996,m,51,13,46175.99999999999,0
70619,3237,1,80.518,67.31,2008-07-15,2008,197,1,985121013700755,72996,m,48,10,44496,0
70619,3237,1,80.518,67.31,2008-07-15,2008,197,1,985121013701012,72996,f,44,11,240,0
70619,3237,1,80.518,67.31,2008-07-15,2008,197,1,985121013702881,72996,f,52,14,1392,0.5
70619,3237,1,80.518,67.31,2008-07-15,2008,197,1,985121013704817,72996,f,56,18,1584,0
70619,3237,1,80.518,67.31,2008-07-15,2008,197,1,985121013705102,72996,m,42,8,5856,1
70619,3237,1,80.518,67.31,2008-07-15,2008,197,1,985121013706912,72996,m,46,9,384,0
70619,3237,1,80.518,67.31,2008-07-15,2008,197,1,985121013709017,72996,m,48,9,1488,0
70619,3237,1,80.518,67.31,2008-07-15,2008,197,1,985121013711374,72996,f,55,13,0,1
70619,3237,1,80.518,67.31,2008-07-15,2008,197,1,985121013713217,72996,f,50,12,NA,0
70619,3237,1,80.518,67.31,2008-07-15,2008,197,1,985121013713747,72996,m,48,12,7056,0
70619,3237,1,80.518,67.31,2008-07-15,2008,197,1,985121013715395,72996,m,49,10,123600,0
70413,3322,1,44.958,40.64,2013-07-15,2013,196,1,900118001027669,70567,m,52,16,0,1
70413,3322,1,44.958,40.64,2013-07-15,2013,196,1,900118001027732,70567,m,58,20,1296,1
70413,3322,1,44.958,40.64,2013-07-15,2013,196,1,900118001027825,70567,m,50,14,0,1
70413,3322,1,44.958,40.64,2013-07-15,2013,196,1,900118001027943,70567,f,61,22,3024,0
70413,3322,1,44.958,40.64,2013-07-15,2013,196,1,900118001028253,70567,m,52,16,192,1
70413,3322,1,44.958,40.64,2013-07-15,2013,196,1,900118001028329,70567,m,43,16,9552,1
70413,3322,1,44.958,40.64,2013-07-15,2013,196,1,900118001028660,70567,f,62,26,NA,0
70413,3322,1,44.958,40.64,2013-07-15,2013,196,1,900118001028708,70567,m,60,24,NA,0
70413,3322,1,44.958,40.64,2013-07-15,2013,196,1,900118001028945,70567,f,54,20,59760,1
70413,3322,1,44.958,40.64,2013-07-15,2013,196,1,900118001029064,70567,f,65,33,48,1
70413,3322,1,44.958,40.64,2013-07-15,2013,196,1,900118001029071,70567,f,60,26,NA,1
70413,3322,1,44.958,40.64,2013-07-15,2013,196,1,900118001029179,70567,m,55,23,6912,1
70413,3322,1,44.958,40.64,2013-07-15,2013,196,1,900118001029276,70567,f,53,14,NA,0
70413,3322,1,44.958,40.64,2013-07-15,2013,196,1,900118001029608,70567,f,53,18,0,0
70413,3322,1,44.958,40.64,2013-07-15,2013,196,1,900118001029614,70567,m,51,11,NA,1
70413,3322,1,44.958,40.64,2013-07-15,2013,196,1,900118001029701,70567,f,54,16,288,0
70413,3322,1,44.958,40.64,2013-07-15,2013,196,1,900118001029717,70567,f,54,18,7920,1
70413,3322,1,44.958,40.64,2013-07-15,2013,196,1,900118001029743,70567,f,55,19,NA,0
70413,3322,1,44.958,40.64,2013-07-15,2013,196,1,900118001029880,70567,f,57,20,0,0.3333333333333333
70413,3322,1,44.958,40.64,2013-07-15,2013,196,1,900118001029981,70567,f,52,15,28176,1
70413,3322,1,44.958,40.64,2013-07-15,2013,196,1,900118001030121,70567,m,53,16,1008,0
70413,3322,1,44.958,40.64,2013-07-15,2013,196,1,900118001030201,70567,f,61,24,1536,1
70413,3322,1,44.958,40.64,2013-07-15,2013,196,1,900118001030233,70567,m,49,12,NA,1
70413,3322,1,44.958,40.64,2013-07-15,2013,196,1,900118001030336,70567,f,57,20,672.0000000000001,1
70413,3322,1,44.958,40.64,2013-07-15,2013,196,1,900118001030340,70567,m,60,14,NA,1
70413,3322,1,44.958,40.64,2013-07-15,2013,196,1,900118001030433,70567,f,55,20,864,1
70413,3322,1,44.958,40.64,2013-07-15,2013,196,1,900118001030450,70567,f,54,18,1152,1
70413,3322,1,44.958,40.64,2013-07-15,2013,196,1,900118001030621,70567,f,61,29,0,1
70413,3322,1,44.958,40.64,2013-07-15,2013,196,1,900118001057556,70567,f,55,22,0,0
70413,3322,1,44.958,40.64,2013-07-15,2013,196,1,900118001057650,70567,f,64,38,4944,0
70413,3322,1,44.958,40.64,2013-07-15,2013,196,1,900118001057684,70567,m,60,24,3744,1
70413,3322,1,44.958,40.64,2013-07-15,2013,196,1,900118001057993,70567,f,59,24,NA,1
70413,3322,1,44.958,40.64,2013-07-15,2013,196,1,900118001058076,70567,m,53,20,4704,0.3333333333333333
70413,3322,1,44.958,40.64,2013-07-15,2013,196,1,900118001058227,70567,m,49,14,23568,1
70413,3322,1,44.958,40.64,2013-07-15,2013,196,1,900118001058357,70567,m,60,24,1584,1
70413,3322,1,44.958,40.64,2013-07-15,2013,196,1,900118001059017,70567,f,55,22,288,1
70413,3322,1,44.958,40.64,2013-07-15,2013,196,1,900118001059382,70567,m,50,15,0,1
70413,3322,1,44.958,40.64,2013-07-15,2013,196,1,900118001064566,70567,f,59,23,96,0
70413,3322,1,44.958,40.64,2013-07-15,2013,196,1,985121019071757,70567,f,59,22,0,1
70505,2879,0,44.958,40.64,2013-07-16,2013,197,2,121012035780,72996,m,56,14,2256,0
70505,2879,0,44.958,40.64,2013-07-16,2013,197,2,900118001027915,72996,f,50,12,26400,0
70505,2879,0,44.958,40.64,2013-07-16,2013,197,2,900118001029790,72996,f,53,14,240,1
70505,2879,0,44.958,40.64,2013-07-16,2013,197,2,900118001029978,72996,m,55,16,6192,0
70505,2879,0,44.958,40.64,2013-07-16,2013,197,2,900118001030064,72996,f,48,10,11088,0
70505,2879,0,44.958,40.64,2013-07-16,2013,197,2,900118001030547,72996,f,49,10,480,0
70505,2879,0,44.958,40.64,2013-07-16,2013,197,2,900118001031300,72996,m,55,16,96,0
70505,2879,0,44.958,40.64,2013-07-16,2013,197,2,900118001031708,72996,m,49,10,11712,0
70505,2879,0,44.958,40.64,2013-07-16,2013,197,2,900118001057400,72996,f,48,12,5712,0
70505,2879,0,44.958,40.64,2013-07-16,2013,197,2,900118001057931,72996,m,53,15,1392,1
70505,2879,0,44.958,40.64,2013-07-16,2013,197,2,900118001057979,72996,m,52,13,5712,0
70505,2879,0,44.958,40.64,2013-07-16,2013,197,2,900118001058038,72996,f,50,12,2640,0
70505,2879,0,44.958,40.64,2013-07-16,2013,197,2,900118001058090,72996,f,48,12,768,0
70505,2879,0,44.958,40.64,2013-07-16,2013,197,2,900118001058319,72996,f,52,12,29136,0
70505,2879,0,44.958,40.64,2013-07-16,2013,197,2,900118001058985,72996,m,51,12,69984,0
70505,2879,0,44.958,40.64,2013-07-16,2013,197,2,900118001059649,72996,f,56,14,1488,0
70505,2879,0,44.958,40.64,2013-07-16,2013,197,2,900118001059787,72996,m,50,12,1488,1
70505,2879,0,44.958,40.64,2013-07-16,2013,197,2,900118001060646,72996,f,51,11,2112,0
70505,2879,0,44.958,40.64,2013-07-16,2013,197,2,900118001065405,72996,f,57,14,576,0
70550,3200,1,44.958,40.64,2013-07-16,2013,197,2,900118001028456,72996,m,52,14,133392,0
70550,3200,1,44.958,40.64,2013-07-16,2013,197,2,900118001029814,72996,f,57,16,2928,0
70550,3200,1,44.958,40.64,2013-07-16,2013,197,2,900118001030025,72996,m,52,15,21695.999999999996,0
70550,3200,1,44.958,40.64,2013-07-16,2013,197,2,900118001030063,72996,m,54,14,55248,0
70550,3200,1,44.958,40.64,2013-07-16,2013,197,2,900118001030093,72996,f,49,14,7296,0
70550,3200,1,44.958,40.64,2013-07-16,2013,197,2,900118001030163,72996,f,50,12,960,0
70550,3200,1,44.958,40.64,2013-07-16,2013,197,2,900118001030750,72996,f,50,12,816.0000000000001,0
70550,3200,1,44.958,40.64,2013-07-16,2013,197,2,900118001031196,72996,f,49,14,69072,0
70550,3200,1,44.958,40.64,2013-07-16,2013,197,2,900118001031343,72996,f,56,16,9456,0
70550,3200,1,44.958,40.64,2013-07-16,2013,197,2,900118001031348,72996,f,51,12,146160,1
70550,3200,1,44.958,40.64,2013-07-16,2013,197,2,900118001031752,72996,f,48,12,32016,0
70550,3200,1,44.958,40.64,2013-07-16,2013,197,2,900118001057579,72996,f,48,12,112704,0
70550,3200,1,44.958,40.64,2013-07-16,2013,197,2,900118001057905,72996,m,54,16,9840,1
70550,3200,1,44.958,40.64,2013-07-16,2013,197,2,900118001058841,72996,f,49,12,30192,1
70550,3200,1,44.958,40.64,2013-07-16,2013,197,2,900118001058870,72996,m,54,16,576,1
70550,3200,1,44.958,40.64,2013-07-16,2013,197,2,900118001059003,72996,m,51,11,1584,0
70550,3200,1,44.958,40.64,2013-07-16,2013,197,2,900118001059949,72996,f,48,12,2016,0
70550,3200,1,44.958,40.64,2013-07-16,2013,197,2,900118001065754,72996,f,48,12,2448,0
70550,3200,1,44.958,40.64,2013-07-16,2013,197,2,900118001067329,72996,m,48,11,48,0
70550,3200,1,44.958,40.64,2013-07-16,2013,197,2,985121013702904,72996,m,51,14,120864,1
70449,2921,0,40.64,10.16,2014-06-28,2014,179,1,900043000104502,72996,m,45,12,1152,1
70449,2921,0,40.64,10.16,2014-06-28,2014,179,1,900043000104505,72996,m,46,11,20736,1
70449,2921,0,40.64,10.16,2014-06-28,2014,179,1,900043000104510,72996,f,44,9,48,0
70449,2921,0,40.64,10.16,2014-06-28,2014,179,1,900043000104512,72996,f,50,12,0,0
70449,2921,0,40.64,10.16,2014-06-28,2014,179,1,900043000104513,72996,m,50,12,2152080,0
70449,2921,0,40.64,10.16,2014-06-28,2014,179,1,900043000104516,72996,f,44,10,384,0
70449,2921,0,40.64,10.16,2014-06-28,2014,179,1,900043000104520,72996,m,45,12,5664,0
70449,2921,0,40.64,10.16,2014-06-28,2014,179,1,900043000104521,72996,m,46,10,18336,0
70449,2921,0,40.64,10.16,2014-06-28,2014,179,1,900043000104522,72996,m,47,10,144,1
70449,2921,0,40.64,10.16,2014-06-28,2014,179,1,900043000104524,72996,f,44,10,31295.999999999996,0
70449,2921,0,40.64,10.16,2014-06-28,2014,179,1,900043000104526,72996,m,48,11,5184,0
70449,2921,0,40.64,10.16,2014-06-28,2014,179,1,900043000104529,72996,f,43,8,2640,1
70449,2921,0,40.64,10.16,2014-06-28,2014,179,1,900043000104530,72996,f,51,12,0,0
70449,2921,0,40.64,10.16,2014-06-28,2014,179,1,900043000104531,72996,f,50,11,96,0
70449,2921,0,40.64,10.16,2014-06-28,2014,179,1,900043000104532,72996,f,49,12,10992,0
70449,2921,0,40.64,10.16,2014-06-28,2014,179,1,900043000104536,72996,m,48,10,0,0
70449,2921,0,40.64,10.16,2014-06-28,2014,179,1,900043000104539,72996,f,51,12,8304,0
70449,2921,0,40.64,10.16,2014-06-28,2014,179,1,900043000104540,72996,m,46,10,0,1
70449,2921,0,40.64,10.16,2014-06-28,2014,179,1,900043000104542,72996,m,42,9,96,1
70449,2921,0,40.64,10.16,2014-06-28,2014,179,1,900043000104543,72996,m,44,11,4560,0
70449,2921,0,40.64,10.16,2014-06-28,2014,179,1,900043000104546,72996,f,45,10,23472,1
70449,2921,0,40.64,10.16,2014-06-28,2014,179,1,900043000104547,72996,m,47,10,864,0.3333333333333333
70449,2921,0,40.64,10.16,2014-06-28,2014,179,1,900043000104549,72996,m,43,9,48,1
70449,2921,0,40.64,10.16,2014-06-28,2014,179,1,900043000104552,72996,m,44,9,624,1
70449,2921,0,40.64,10.16,2014-06-28,2014,179,1,900043000104553,72996,f,44,8,1344.0000000000002,1
70449,2921,0,40.64,10.16,2014-06-28,2014,179,1,900043000104554,72996,m,43,12,6960,0
70449,2921,0,40.64,10.16,2014-06-28,2014,179,1,900043000104555,72996,f,52,18,15216,0
70449,2921,0,40.64,10.16,2014-06-28,2014,179,1,900043000104556,72996,f,49,12,1488,1
70449,2921,0,40.64,10.16,2014-06-28,2014,179,1,900043000104561,72996,m,43,8,0,0
70449,2921,0,40.64,10.16,2014-06-28,2014,179,1,900043000104562,72996,f,43,9,61056,0
70449,2921,0,40.64,10.16,2014-06-28,2014,179,1,900043000104567,72996,f,45,9,148896,1
70449,2921,0,40.64,10.16,2014-06-28,2014,179,1,900043000104568,72996,f,49,10,32736,0
70449,2921,0,40.64,10.16,2014-06-28,2014,179,1,900043000104571,72996,f,50,11,26256,0
70449,2921,0,40.64,10.16,2014-06-28,2014,179,1,900043000104572,72996,f,48,10,0,1
70449,2921,0,40.64,10.16,2014-06-28,2014,179,1,900043000104574,72996,f,48,11,0,1
70449,2921,0,40.64,10.16,2014-06-28,2014,179,1,900043000104575,72996,f,43,10,567120,0
70449,2921,0,40.64,10.16,2014-06-28,2014,179,1,900043000104579,72996,m,50,11,22560,0
70449,2921,0,40.64,10.16,2014-06-28,2014,179,1,900043000104584,72996,m,43,10,0,0
70449,2921,0,40.64,10.16,2014-06-28,2014,179,1,900043000104587,72996,f,43,11,24144,0
70449,2921,0,40.64,10.16,2014-06-28,2014,179,1,900043000104588,72996,f,45,8,10368,1
70449,2921,0,40.64,10.16,2014-06-28,2014,179,1,900043000104589,72996,f,46,9,64320,0
70449,2921,0,40.64,10.16,2014-06-28,2014,179,1,900043000104590,72996,f,49,9,5808,1
70449,2921,0,40.64,10.16,2014-06-28,2014,179,1,900043000104591,72996,f,49,14,25248,0
70449,2921,0,40.64,10.16,2014-06-28,2014,179,1,900043000104594,72996,m,45,10,0,1
70449,2921,0,40.64,10.16,2014-06-28,2014,179,1,900043000104599,72996,m,44,12,864,0
70449,2921,0,40.64,10.16,2014-06-28,2014,179,1,900118001027515,72996,f,49,14,1344.0000000000002,0
70449,2921,0,40.64,10.16,2014-06-28,2014,179,1,900118001027772,72996,f,42,8,0,0
70449,2921,0,40.64,10.16,2014-06-28,2014,179,1,900118001029229,72996,f,46,11,1344.0000000000002,0
70449,2921,0,40.64,10.16,2014-06-28,2014,179,1,900118001029497,72996,m,51,14,25152,0
70449,2921,0,40.64,10.16,2014-06-28,2014,179,1,900118001058387,72996,f,50,12,48,0
70413,3322,1,10.16,67.31,2015-07-15,2015,196,2,900043000104408,70567,m,48,12,264.48,1
70413,3322,1,10.16,67.31,2015-07-15,2015,196,2,900043000104441,70567,f,59,25,21652.8,1
70413,3322,1,10.16,67.31,2015-07-15,2015,196,2,900043000104444,70567,f,48,12,0,0
70413,3322,1,10.16,67.31,2015-07-15,2015,196,2,900043000108268,70567,f,46,9,31668.48,0
70413,3322,1,10.16,67.31,2015-07-15,2015,196,2,900118001057424,70567,m,56,21,890.88,1
70413,3322,1,10.16,67.31,2015-07-15,2015,196,2,982000365440174,70567,f,58,22,3476.64,1
70413,3322,1,10.16,67.31,2015-07-15,2015,196,2,982000365440190,70567,f,57,22,279902.88,0
70413,3322,1,10.16,67.31,2015-07-15,2015,196,2,982000365440193,70567,f,64,29,7078.56,1
70413,3322,1,10.16,67.31,2015-07-15,2015,196,2,982000365440208,70567,m,53,16,107.52,1
70413,3322,1,10.16,67.31,2015-07-15,2015,196,2,982000365440213,70567,f,61,25,6609.12,0
70413,3322,1,10.16,67.31,2015-07-15,2015,196,2,982000365440220,70567,f,48,12,80506.08,0
70413,3322,1,10.16,67.31,2015-07-15,2015,196,2,982000365440229,70567,f,61,31,38094.24,1
70413,3322,1,10.16,67.31,2015-07-15,2015,196,2,982000365440253,70567,f,50,12,176.16,0
70413,3322,1,10.16,67.31,2015-07-15,2015,196,2,982000365440258,70567,m,53,16,1079.04,1
70413,3322,1,10.16,67.31,2015-07-15,2015,196,2,982000365440268,70567,f,60,23,74002.08,1
70413,3322,1,10.16,67.31,2015-07-15,2015,196,2,982000365440275,70567,f,60,27,30774.24,0
70413,3322,1,10.16,67.31,2015-07-15,2015,196,2,982000365440276,70567,m,59,19,55909.44,1
70413,3322,1,10.16,67.31,2015-07-15,2015,196,2,982000365440300,70567,m,51,16,4934.4,0
70413,3322,1,10.16,67.31,2015-07-15,2015,196,2,982000365440320,70567,m,55,19,5211.36,1
70413,3322,1,10.16,67.31,2015-07-15,2015,196,2,982000365440327,70567,m,55,19,1856.16,1
70413,3322,1,10.16,67.31,2015-07-15,2015,196,2,982000365440357,70567,f,63,28,206755.68,1
70413,3322,1,10.16,67.31,2015-07-15,2015,196,2,982000365440361,70567,f,59,23,96704.16,0
70505,2879,0,10.16,67.31,2015-07-06,2015,187,3,900043000108202,72996,f,49,13,45472.8,0
70505,2879,0,10.16,67.31,2015-07-06,2015,187,3,900043000108208,72996,f,53,14,NA,0
70505,2879,0,10.16,67.31,2015-07-06,2015,187,3,900043000108215,72996,f,53,16,3618.72,0
70505,2879,0,10.16,67.31,2015-07-06,2015,187,3,900043000108229,72996,f,51,15,14417.76,0
70505,2879,0,10.16,67.31,2015-07-06,2015,187,3,900043000108230,72996,m,50,14,24521.28,0
70505,2879,0,10.16,67.31,2015-07-06,2015,187,3,900043000108235,72996,f,51,15,138525.12,0
70505,2879,0,10.16,67.31,2015-07-06,2015,187,3,900043000108241,72996,f,48,12,6928.8,0
70505,2879,0,10.16,67.31,2015-07-06,2015,187,3,900043000108242,72996,f,50,16,81018.24,0
70505,2879,0,10.16,67.31,2015-07-06,2015,187,3,900043000108271,72996,f,52,16,32788.32,1
70505,2879,0,10.16,67.31,2015-07-06,2015,187,3,900043000108280,72996,m,49,11,185806.56,0
70505,2879,0,10.16,67.31,2015-07-06,2015,187,3,900043000108289,72996,f,49,14,29177.76,0
70505,2879,0,10.16,67.31,2015-07-06,2015,187,3,900043000108294,72996,f,49,14,396.96,0
70505,2879,0,10.16,67.31,2015-07-06,2015,187,3,900043000108311,72996,f,50,14,530614.56,0
70505,2879,0,10.16,67.31,2015-07-06,2015,187,3,900043000108326,72996,f,46,12,232729.92,0
70505,2879,0,10.16,67.31,2015-07-06,2015,187,3,900043000108351,72996,f,53,15,113658.24,0
70505,2879,0,10.16,67.31,2015-07-06,2015,187,3,900043000108353,72996,m,47,12,194669.28,0
70505,2879,0,10.16,67.31,2015-07-06,2015,187,3,900043000108359,72996,m,47,13,113815.68,1
70505,2879,0,10.16,67.31,2015-07-06,2015,187,3,900043000108364,72996,f,50,15,183488.64,0
70505,2879,0,10.16,67.31,2015-07-06,2015,187,3,900043000108373,72996,m,48,12,461.76,0
70505,2879,0,10.16,67.31,2015-07-06,2015,187,3,900043000108392,72996,f,56,17,11880,0
70641,2798,0,10.16,67.31,2015-08-12,2015,224,1,900043000104460,72996,f,42,7,96,0
70641,2798,0,10.16,67.31,2015-08-12,2015,224,1,900043000104497,72996,m,53,15,21160.8,0
70641,2798,0,10.16,67.31,2015-08-12,2015,224,1,900067000063902,72996,f,44,9,7517.28,0
70641,2798,0,10.16,67.31,2015-08-12,2015,224,1,900067000063903,72996,f,42,7,43555.68,0
70641,2798,0,10.16,67.31,2015-08-12,2015,224,1,900067000063904,72996,f,51,14,164978.4,0
70641,2798,0,10.16,67.31,2015-08-12,2015,224,1,900067000063905,72996,f,48,12,68889.12,0
70641,2798,0,10.16,67.31,2015-08-12,2015,224,1,900067000063906,72996,f,49,14,26304,0
70641,2798,0,10.16,67.31,2015-08-12,2015,224,1,900067000063907,72996,f,49,11,3523.2,0
70641,2798,0,10.16,67.31,2015-08-12,2015,224,1,900067000063910,72996,m,42,6,189745.92,0
70641,2798,0,10.16,67.31,2015-08-12,2015,224,1,900067000063911,72996,f,41,7,63247.2,0
70641,2798,0,10.16,67.31,2015-08-12,2015,224,1,900067000063912,72996,m,41,7,3829.44,0
70641,2798,0,10.16,67.31,2015-08-12,2015,224,1,900067000063913,72996,f,49,13,13824.96,0
70641,2798,0,10.16,67.31,2015-08-12,2015,224,1,900067000063914,72996,f,44,9,98029.92,0
70641,2798,0,10.16,67.31,2015-08-12,2015,224,1,900067000063915,72996,f,41,7,624.48,0
70641,2798,0,10.16,67.31,2015-08-12,2015,224,1,900067000063917,72996,f,42,8,617.28,0
70641,2798,0,10.16,67.31,2015-08-12,2015,224,1,900067000063918,72996,m,42,8,0,0
70641,2798,0,10.16,67.31,2015-08-12,2015,224,1,900067000063919,72996,f,52,12,3907.2,0
70641,2798,0,10.16,67.31,2015-08-12,2015,224,1,900067000063920,72996,f,41,7,4875.36,0
70641,2798,0,10.16,67.31,2015-08-12,2015,224,1,900067000063921,72996,f,40,6,454.08,0
70641,2798,0,10.16,67.31,2015-08-12,2015,224,1,900067000063922,72996,m,45,9,10028.16,0
70641,2798,0,10.16,67.31,2015-08-12,2015,224,1,900067000063924,72996,m,44,8,26120.16,0
70641,2798,0,10.16,67.31,2015-08-12,2015,224,1,900067000063925,72996,f,44,8,2765.28,0
70641,2798,0,10.16,67.31,2015-08-12,2015,224,1,900067000063926,72996,m,42,8,33850.08,1
70641,2798,0,10.16,67.31,2015-08-12,2015,224,1,900067000063928,72996,f,41,6,1074.24,1
70641,2798,0,10.16,67.31,2015-08-12,2015,224,1,900067000063929,72996,f,45,11,36948.48,1
70641,2798,0,10.16,67.31,2015-08-12,2015,224,1,900067000063930,72996,f,46,9,567.36,0
70641,2798,0,10.16,67.31,2015-08-12,2015,224,1,900067000063931,72996,m,46,10,608.16,0
70641,2798,0,10.16,67.31,2015-08-12,2015,224,1,900067000063932,72996,m,47,11,19795.68,0
70641,2798,0,10.16,67.31,2015-08-12,2015,224,1,900067000063933,72996,f,46,13,60503.52,0
70641,2798,0,10.16,67.31,2015-08-12,2015,224,1,900067000063935,72996,f,45,11,18760.32,0
70641,2798,0,10.16,67.31,2015-08-12,2015,224,1,900067000063936,72996,m,48,12,15132.48,1
70641,2798,0,10.16,67.31,2015-08-12,2015,224,1,900067000063937,72996,f,51,12,33911.52,0
70641,2798,0,10.16,67.31,2015-08-12,2015,224,1,900067000063938,72996,m,49,14,62992.8,0
70641,2798,0,10.16,67.31,2015-08-12,2015,224,1,900067000063939,72996,f,44,9,6939.36,0
70641,2798,0,10.16,67.31,2015-08-12,2015,224,1,900067000063940,72996,f,43,8,70805.76,0
70641,2798,0,10.16,67.31,2015-08-12,2015,224,1,900067000063941,72996,f,51,13,9816.48,0
70641,2798,0,10.16,67.31,2015-08-12,2015,224,1,900067000063942,72996,f,42,8,1906.56,0
70641,2798,0,10.16,67.31,2015-08-12,2015,224,1,900067000063943,72996,f,51,13,5912.16,0
70641,2798,0,10.16,67.31,2015-08-12,2015,224,1,900067000063944,72996,f,46,10,92711.04,0
70641,2798,0,10.16,67.31,2015-08-12,2015,224,1,900067000063945,72996,m,39,8,15763.2,0
70641,2798,0,10.16,67.31,2015-08-12,2015,224,1,900067000063946,72996,m,50,13,26345.28,0
70641,2798,0,10.16,67.31,2015-08-12,2015,224,1,900067000063947,72996,m,51,13,5062.08,1
70641,2798,0,10.16,67.31,2015-08-12,2015,224,1,900067000063948,72996,m,42,8,4069.44,0
70641,2798,0,10.16,67.31,2015-08-12,2015,224,1,900067000063949,72996,f,40,6,29386.56,0
70641,2798,0,10.16,67.31,2015-08-12,2015,224,1,900067000063950,72996,f,51,14,9612,0
70641,2798,0,10.16,67.31,2015-08-12,2015,224,1,900067000063951,72996,m,47,11,4717.44,0
70641,2798,0,10.16,67.31,2015-08-12,2015,224,1,900067000063952,72996,m,48,13,82120.8,0
70641,2798,0,10.16,67.31,2015-08-12,2015,224,1,900067000063953,72996,f,47,10,14872.32,0
70641,2798,0,10.16,67.31,2015-08-12,2015,224,1,900067000063954,72996,f,46,12,6085.44,0
70641,2798,0,10.16,67.31,2015-08-12,2015,224,1,900067000063956,72996,m,45,12,58910.4,0
70641,2798,0,10.16,67.31,2015-08-12,2015,224,1,900067000063957,72996,m,45,10,35091.84,1
70641,2798,0,10.16,67.31,2015-08-12,2015,224,1,900067000063958,72996,m,53,12,2310.24,0
70641,2798,0,10.16,67.31,2015-08-12,2015,224,1,900067000063959,72996,m,43,8,67543.2,1
70641,2798,0,10.16,67.31,2015-08-12,2015,224,1,900067000063961,72996,m,47,11,0,0
70641,2798,0,10.16,67.31,2015-08-12,2015,224,1,900067000063962,72996,f,53,14,35673.6,1
70641,2798,0,10.16,67.31,2015-08-12,2015,224,1,900067000063963,72996,f,52,14,91421.76,0
70641,2798,0,10.16,67.31,2015-08-12,2015,224,1,900067000063966,72996,f,41,9,21063.36,0
70641,2798,0,10.16,67.31,2015-08-12,2015,224,1,900067000063968,72996,f,52,15,65650.56,0
70641,2798,0,10.16,67.31,2015-08-12,2015,224,1,900067000063969,72996,m,44,9,202364.64,0
70641,2798,0,10.16,67.31,2015-08-12,2015,224,1,900067000063970,72996,m,42,7,25297.92,0
70641,2798,0,10.16,67.31,2015-08-12,2015,224,1,900067000063971,72996,f,52,15,10892.16,0
70641,2798,0,10.16,67.31,2015-08-12,2015,224,1,900067000063972,72996,m,48,12,26458.08,0
70641,2798,0,10.16,67.31,2015-08-12,2015,224,1,900067000063974,72996,f,47,13,2336.64,0
70641,2798,0,10.16,67.31,2015-08-12,2015,224,1,900067000063975,72996,f,55,17,3842.4,0
70641,2798,0,10.16,67.31,2015-08-12,2015,224,1,900067000063977,72996,m,44,9,11568,0
70641,2798,0,10.16,67.31,2015-08-12,2015,224,1,900067000063978,72996,f,40,7,27609.6,0
70641,2798,0,10.16,67.31,2015-08-12,2015,224,1,900067000063979,72996,f,42,7,3489.6,0
70641,2798,0,10.16,67.31,2015-08-12,2015,224,1,900067000063980,72996,m,47,12,4164.48,0
70641,2798,0,10.16,67.31,2015-08-12,2015,224,1,900067000063981,72996,f,42,7,383292.48,0
70641,2798,0,10.16,67.31,2015-08-12,2015,224,1,900067000063982,72996,m,44,9,923.52,0
70641,2798,0,10.16,67.31,2015-08-12,2015,224,1,900067000063983,72996,m,50,13,0,0
70641,2798,0,10.16,67.31,2015-08-12,2015,224,1,900067000063985,72996,f,43,7,16755.36,1
70641,2798,0,10.16,67.31,2015-08-12,2015,224,1,900067000063986,72996,m,54,19,36081.12,0
70641,2798,0,10.16,67.31,2015-08-12,2015,224,1,900067000063987,72996,f,43,7,1930.56,0
70641,2798,0,10.16,67.31,2015-08-12,2015,224,1,900067000063988,72996,m,40,6,18274.08,0
70641,2798,0,10.16,67.31,2015-08-12,2015,224,1,900067000063993,72996,m,49,11,10363.68,0
70641,2798,0,10.16,67.31,2015-08-12,2015,224,1,900067000063995,72996,f,40,5,289.92,0
70641,2798,0,10.16,67.31,2015-08-12,2015,224,1,900067000063996,72996,f,41,9,8318.88,0
70641,2798,0,10.16,67.31,2015-08-12,2015,224,1,900067000063997,72996,f,52,15,297495.84,0
70641,2798,0,10.16,67.31,2015-08-12,2015,224,1,900067000064000,72996,f,40,6,827.04,0
70641,2798,0,10.16,67.31,2015-08-12,2015,224,1,900067000114499,72996,f,52,12,NA,1
70641,2798,0,10.16,67.31,2015-08-12,2015,224,1,982000365440172,72996,m,43,9,40865.76,0
70641,2798,0,10.16,67.31,2015-08-12,2015,224,1,982000365440186,72996,f,45,10,3020.64,1
70641,2798,0,10.16,67.31,2015-08-12,2015,224,1,982000365440187,72996,f,53,14,133903.68,0
70641,2798,0,10.16,67.31,2015-08-12,2015,224,1,982000365440196,72996,m,47,13,71515.2,0
70641,2798,0,10.16,67.31,2015-08-12,2015,224,1,982000365440197,72996,f,47,12,47060.16,0
70641,2798,0,10.16,67.31,2015-08-12,2015,224,1,982000365440205,72996,m,44,9,9112.32,1
70641,2798,0,10.16,67.31,2015-08-12,2015,224,1,982000365440211,72996,f,51,15,31761.12,0
70641,2798,0,10.16,67.31,2015-08-12,2015,224,1,982000365440245,72996,m,50,14,0,0
70641,2798,0,10.16,67.31,2015-08-12,2015,224,1,982000365440260,72996,f,49,12,18058.56,0
70641,2798,0,10.16,67.31,2015-08-12,2015,224,1,982000365440269,72996,m,43,8,40028.64,1
70641,2798,0,10.16,67.31,2015-08-12,2015,224,1,982000365440278,72996,f,51,14,4706.88,0
70641,2798,0,10.16,67.31,2015-08-12,2015,224,1,982000365440280,72996,m,45,15,297.6,0
70641,2798,0,10.16,67.31,2015-08-12,2015,224,1,982000365440285,72996,f,40,8,136336.32,0
70641,2798,0,10.16,67.31,2015-08-12,2015,224,1,982000365440287,72996,m,45,12,584.16,0
70641,2798,0,10.16,67.31,2015-08-12,2015,224,1,982000365440332,72996,f,52,14,84.96,0
70641,2798,0,10.16,67.31,2015-08-12,2015,224,1,982000365440336,72996,f,42,9,377.28,1
70641,2798,0,10.16,67.31,2015-08-12,2015,224,1,982000365440349,72996,f,49,14,4281.12,0
70641,2798,0,10.16,67.31,2015-08-12,2015,224,1,982000365440352,72996,m,41,8,11397.6,0
70370,3188,1,67.31,162.56,2016-07-30,2016,212,1,900043000108171,72996,f,49,12,0,0
70370,3188,1,67.31,162.56,2016-07-30,2016,212,1,900067000078025,72996,f,49,12,0,0
70370,3188,1,67.31,162.56,2016-07-30,2016,212,1,900067000078068,72996,f,52,13,586.136,0
70370,3188,1,67.31,162.56,2016-07-30,2016,212,1,900067000078105,72996,f,49,11,0,0
70370,3188,1,67.31,162.56,2016-07-30,2016,212,1,900067000078126,72996,m,50,12,3031.256,0
70370,3188,1,67.31,162.56,2016-07-30,2016,212,1,900067000078174,72996,m,50,12,0,0
70370,3188,1,67.31,162.56,2016-07-30,2016,212,1,900067000078224,72996,m,48,12,0,0
70370,3188,1,67.31,162.56,2016-07-30,2016,212,1,900067000078229,72996,f,47,10,0,0
70370,3188,1,67.31,162.56,2016-07-30,2016,212,1,900067000078245,72996,m,49,10,0,0
70370,3188,1,67.31,162.56,2016-07-30,2016,212,1,900067000078251,72996,m,45,9,0,0
70370,3188,1,67.31,162.56,2016-07-30,2016,212,1,900067000078261,72996,f,48,13,0,0
70370,3188,1,67.31,162.56,2016-07-30,2016,212,1,900067000078264,72996,m,45,9,0,0
70370,3188,1,67.31,162.56,2016-07-30,2016,212,1,900067000078279,72996,f,49,11,0,0
70370,3188,1,67.31,162.56,2016-07-30,2016,212,1,900067000078329,72996,m,48,10,0,0
70370,3188,1,67.31,162.56,2016-07-30,2016,212,1,900067000078357,72996,m,47,11,0,0
70370,3188,1,67.31,162.56,2016-07-30,2016,212,1,900067000078376,72996,f,48,12,0,0
70370,3188,1,67.31,162.56,2016-07-30,2016,212,1,900067000078390,72996,m,47,10,1287.168,1
70370,3188,1,67.31,162.56,2016-07-30,2016,212,1,900067000078418,72996,f,47,10,0,0
70370,3188,1,67.31,162.56,2016-07-30,2016,212,1,900067000078419,72996,f,49,11,0,0
70370,3188,1,67.31,162.56,2016-07-30,2016,212,1,900067000078423,72996,f,45,9,0,0
70370,3188,1,67.31,162.56,2016-07-30,2016,212,1,900067000078458,72996,f,48,11,586.872,0
70370,3188,1,67.31,162.56,2016-07-30,2016,212,1,900067000078478,72996,f,46,9,0,0
70370,3188,1,67.31,162.56,2016-07-30,2016,212,1,900067000114082,72996,m,48,12,236947.6,1
70370,3188,1,67.31,162.56,2016-07-30,2016,212,1,900067000114084,72996,m,48,11,573.552,0
70370,3188,1,67.31,162.56,2016-07-30,2016,212,1,900067000114087,72996,f,46,11,27655.384,0
70370,3188,1,67.31,162.56,2016-07-30,2016,212,1,900067000114088,72996,m,49,11,1129.568,0
70370,3188,1,67.31,162.56,2016-07-30,2016,212,1,900067000114090,72996,m,45,10,29326.328,0
70370,3188,1,67.31,162.56,2016-07-30,2016,212,1,900067000114091,72996,f,53,12,18.144,0
70370,3188,1,67.31,162.56,2016-07-30,2016,212,1,900067000114093,72996,f,47,11,494780.928,0
70370,3188,1,67.31,162.56,2016-07-30,2016,212,1,900067000114096,72996,f,53,13,0,0
70370,3188,1,67.31,162.56,2016-07-30,2016,212,1,900067000114103,72996,f,46,9,6259.96,0
70370,3188,1,67.31,162.56,2016-07-30,2016,212,1,900067000114106,72996,f,50,13,5043.528,0
70370,3188,1,67.31,162.56,2016-07-30,2016,212,1,900067000114109,72996,f,51,13,35257.912,0
70370,3188,1,67.31,162.56,2016-07-30,2016,212,1,900067000114111,72996,f,48,11,68752.112,0
70370,3188,1,67.31,162.56,2016-07-30,2016,212,1,900067000114117,72996,m,51,13,109501.68,0
70370,3188,1,67.31,162.56,2016-07-30,2016,212,1,900067000114124,72996,m,46,11,115347.272,0
70370,3188,1,67.31,162.56,2016-07-30,2016,212,1,900067000114131,72996,f,46,10,1583217.968,0
70370,3188,1,67.31,162.56,2016-07-30,2016,212,1,900067000114135,72996,m,50,13,7044.464,0
70370,3188,1,67.31,162.56,2016-07-30,2016,212,1,900067000114140,72996,f,47,10,260341.848,0
70370,3188,1,67.31,162.56,2016-07-30,2016,212,1,900067000114141,72996,f,45,11,61372.2,0
70370,3188,1,67.31,162.56,2016-07-30,2016,212,1,900067000114149,72996,f,45,11,42744.592,0
70370,3188,1,67.31,162.56,2016-07-30,2016,212,1,900067000114160,72996,f,45,10,77860.6,0
70370,3188,1,67.31,162.56,2016-07-30,2016,212,1,900067000114161,72996,f,45,9,6817.408,0
70370,3188,1,67.31,162.56,2016-07-30,2016,212,1,900067000114162,72996,m,47,10,1053.632,0
70370,3188,1,67.31,162.56,2016-07-30,2016,212,1,900067000114163,72996,m,47,11,58833.28,0
70370,3188,1,67.31,162.56,2016-07-30,2016,212,1,900067000114165,72996,f,47,12,270304.528,0
70370,3188,1,67.31,162.56,2016-07-30,2016,212,1,900067000114167,72996,f,47,10,2345.344,0
70370,3188,1,67.31,162.56,2016-07-30,2016,212,1,900067000114170,72996,f,53,16,12369.208,0
70370,3188,1,67.31,162.56,2016-07-30,2016,212,1,900067000114172,72996,m,45,10,248530.624,0
70370,3188,1,67.31,162.56,2016-07-30,2016,212,1,900067000114174,72996,m,46,9,0,0
70413,3322,1,162.56,50.8,2017-09-02,2017,245,3,900067000113992,70567,m,52,15,1611.344,1
70413,3322,1,162.56,50.8,2017-09-02,2017,245,3,900067000114046,70567,f,59,22,14588.896,1
70413,3322,1,162.56,50.8,2017-09-02,2017,245,3,900067000114297,70567,m,47,16,1921.24,0
70413,3322,1,162.56,50.8,2017-09-02,2017,245,3,900067000114359,70567,f,58,18,5023.664,1
70413,3322,1,162.56,50.8,2017-09-02,2017,245,3,900067000114585,70567,f,59,24,561.464,0
70413,3322,1,162.56,50.8,2017-09-02,2017,245,3,900067000114645,70567,m,49,13,725.128,0
70413,3322,1,162.56,50.8,2017-09-02,2017,245,3,900067000114727,70567,f,55,22,1955.848,0
70413,3322,1,162.56,50.8,2017-09-02,2017,245,3,900067000116848,70567,f,56,21,26608.664,0
70413,3322,1,162.56,50.8,2017-09-02,2017,245,3,900067000117383,70567,f,57,21,350876,0
70413,3322,1,162.56,50.8,2017-09-02,2017,245,3,900067000117403,70567,f,56,20,1961.816,1
70413,3322,1,162.56,50.8,2017-09-02,2017,245,3,900067000117413,70567,m,51,20,156.856,1
70413,3322,1,162.56,50.8,2017-09-02,2017,245,3,900067000117426,70567,f,41,8,4764.52,0
70413,3322,1,162.56,50.8,2017-09-02,2017,245,3,900067000117434,70567,m,53,18,417.904,1
70413,3322,1,162.56,50.8,2017-09-02,2017,245,3,900067000117455,70567,m,56,19,0,0
70413,3322,1,162.56,50.8,2017-09-02,2017,245,3,900067000117461,70567,m,53,17,631.64,1
70413,3322,1,162.56,50.8,2017-09-02,2017,245,3,900067000117462,70567,f,51,17,12089.624,1
70413,3322,1,162.56,50.8,2017-09-02,2017,245,3,900067000117468,70567,f,57,22,32854.168,1
70413,3322,1,162.56,50.8,2017-09-02,2017,245,3,900067000117480,70567,f,59,24,3261.32,0
70449,2921,0,162.56,50.8,2017-08-09,2017,221,2,900067000114018,72996,f,48,10,1693.56,0
70449,2921,0,162.56,50.8,2017-08-09,2017,221,2,900067000114099,72996,m,46,9,1770.536,1
70449,2921,0,162.56,50.8,2017-08-09,2017,221,2,900067000114108,72996,m,48,11,275489.12,0
70449,2921,0,162.56,50.8,2017-08-09,2017,221,2,900067000114136,72996,m,45,10,138226.16,1
70449,2921,0,162.56,50.8,2017-08-09,2017,221,2,900067000114138,72996,f,54,15,621.248,1
70449,2921,0,162.56,50.8,2017-08-09,2017,221,2,900067000114178,72996,f,44,10,91505.92,0
70449,2921,0,162.56,50.8,2017-08-09,2017,221,2,900067000117387,72996,f,51,11,46472.312,1
70449,2921,0,162.56,50.8,2017-08-09,2017,221,2,900067000117390,72996,m,45,9,103.512,0
70449,2921,0,162.56,50.8,2017-08-09,2017,221,2,900067000117394,72996,m,47,11,3694.048,1
70449,2921,0,162.56,50.8,2017-08-09,2017,221,2,900067000117406,72996,f,48,10,90621.84,0
70449,2921,0,162.56,50.8,2017-08-09,2017,221,2,900067000117411,72996,f,49,12,2255.76,1
70449,2921,0,162.56,50.8,2017-08-09,2017,221,2,900067000117412,72996,f,46,9,84710.16,1
70449,2921,0,162.56,50.8,2017-08-09,2017,221,2,900067000117416,72996,m,48,10,43696.248,0
70449,2921,0,162.56,50.8,2017-08-09,2017,221,2,900067000117418,72996,m,46,10,10760.144,1
70449,2921,0,162.56,50.8,2017-08-09,2017,221,2,900067000117423,72996,m,47,13,59196.32,1
70449,2921,0,162.56,50.8,2017-08-09,2017,221,2,900067000117432,72996,f,48,10,2361.592,1
70449,2921,0,162.56,50.8,2017-08-09,2017,221,2,900067000117438,72996,f,51,14,0,1
70449,2921,0,162.56,50.8,2017-08-09,2017,221,2,900067000117441,72996,m,48,9,110315.6,0
70449,2921,0,162.56,50.8,2017-08-09,2017,221,2,900067000117444,72996,f,51,12,5135.688,0
70449,2921,0,162.56,50.8,2017-08-09,2017,221,2,900067000117446,72996,f,45,9,535.64,0
70449,2921,0,162.56,50.8,2017-08-09,2017,221,2,900067000117449,72996,f,47,11,42798.624,0
70449,2921,0,162.56,50.8,2017-08-09,2017,221,2,900067000117453,72996,f,47,12,199.104,1
70449,2921,0,162.56,50.8,2017-08-09,2017,221,2,900067000117458,72996,f,49,12,19540.144,1
70449,2921,0,162.56,50.8,2017-08-09,2017,221,2,900067000117459,72996,m,50,14,24225.736,0
70449,2921,0,162.56,50.8,2017-08-09,2017,221,2,900067000117465,72996,f,54,16,98.256,0
70449,2921,0,162.56,50.8,2017-08-09,2017,221,2,900067000117466,72996,m,45,10,2565.128,1
70449,2921,0,162.56,50.8,2017-08-09,2017,221,2,900067000117471,72996,m,48,9,114414.88,0
70449,2921,0,162.56,50.8,2017-08-09,2017,221,2,900067000117475,72996,f,54,15,9597.528,1
70449,2921,0,162.56,50.8,2017-08-09,2017,221,2,900067000117476,72996,f,51,14,88469.84,0
70449,2921,0,162.56,50.8,2017-08-09,2017,221,2,900067000117478,72996,m,49,11,10441.488,0
70505,2879,0,162.56,50.8,2017-08-09,2017,221,4,900067000113895,72996,m,48,10,16809.488,0
70505,2879,0,162.56,50.8,2017-08-09,2017,221,4,900067000113939,72996,f,52,11,53144.016,0
70505,2879,0,162.56,50.8,2017-08-09,2017,221,4,900067000113978,72996,m,45,10,39105.024,0
70505,2879,0,162.56,50.8,2017-08-09,2017,221,4,900067000114081,72996,f,48,11,2957.288,0
70505,2879,0,162.56,50.8,2017-08-09,2017,221,4,900067000114085,72996,f,52,11,7302.312,0
70505,2879,0,162.56,50.8,2017-08-09,2017,221,4,900067000114089,72996,f,47,10,2667.064,0
70505,2879,0,162.56,50.8,2017-08-09,2017,221,4,900067000114092,72996,f,49,10,28446.504,0
70505,2879,0,162.56,50.8,2017-08-09,2017,221,4,900067000114097,72996,f,48,11,11927.608,0
70505,2879,0,162.56,50.8,2017-08-09,2017,221,4,900067000114102,72996,f,48,9,15691.24,0
70505,2879,0,162.56,50.8,2017-08-09,2017,221,4,900067000114105,72996,m,49,9,33746.976,1
70505,2879,0,162.56,50.8,2017-08-09,2017,221,4,900067000114112,72996,f,50,10,8476.112,0
70505,2879,0,162.56,50.8,2017-08-09,2017,221,4,900067000114115,72996,f,49,10,1392.664,0
70505,2879,0,162.56,50.8,2017-08-09,2017,221,4,900067000114119,72996,f,46,10,39173.232,0
70505,2879,0,162.56,50.8,2017-08-09,2017,221,4,900067000114123,72996,m,53,12,133174.16,0
70505,2879,0,162.56,50.8,2017-08-09,2017,221,4,900067000114126,72996,m,50,11,3093.512,0
70505,2879,0,162.56,50.8,2017-08-09,2017,221,4,900067000114128,72996,f,40,11,0,0
70505,2879,0,162.56,50.8,2017-08-09,2017,221,4,900067000114145,72996,f,49,10,113028.64,0
70505,2879,0,162.56,50.8,2017-08-09,2017,221,4,900067000114147,72996,f,47,9,6688.448,0
70505,2879,0,162.56,50.8,2017-08-09,2017,221,4,900067000114150,72996,f,47,11,9561.96,0
70505,2879,0,162.56,50.8,2017-08-09,2017,221,4,900067000114152,72996,f,44,8,19773.176,0
70505,2879,0,162.56,50.8,2017-08-09,2017,221,4,900067000114153,72996,m,46,9,5305.648,0
70505,2879,0,162.56,50.8,2017-08-09,2017,221,4,900067000114157,72996,m,51,12,5477.48,0
70505,2879,0,162.56,50.8,2017-08-09,2017,221,4,900067000114159,72996,m,52,13,121522.72,0
70505,2879,0,162.56,50.8,2017-08-09,2017,221,4,900067000114164,72996,f,53,10,363874.64,0
70505,2879,0,162.56,50.8,2017-08-09,2017,221,4,900067000114168,72996,f,45,10,47922.192,1
70505,2879,0,162.56,50.8,2017-08-09,2017,221,4,900067000114179,72996,f,46,10,24869.48,1
70505,2879,0,162.56,50.8,2017-08-09,2017,221,4,900067000114765,72996,m,48,10,9866.472,0
70505,2879,0,162.56,50.8,2017-08-09,2017,221,4,900067000116860,72996,m,46,10,78608.184,0
70505,2879,0,162.56,50.8,2017-08-09,2017,221,4,900067000116900,72996,m,48,9,1132.32,0
70505,2879,0,162.56,50.8,2017-08-09,2017,221,4,900067000116911,72996,f,46,11,897.736,0
70641,2798,0,162.56,50.8,2017-08-09,2017,221,2,900067000116883,72996,f,48,12,6182.056,1
70641,2798,0,162.56,50.8,2017-08-09,2017,221,2,900067000116890,72996,f,45,10,3891.448,0
70641,2798,0,162.56,50.8,2017-08-09,2017,221,2,900067000116898,72996,f,47,12,0,0
70641,2798,0,162.56,50.8,2017-08-09,2017,221,2,900067000116914,72996,f,42,8,5111.528,0
70641,2798,0,162.56,50.8,2017-08-09,2017,221,2,900067000116917,72996,f,47,9,2879.608,0
70641,2798,0,162.56,50.8,2017-08-09,2017,221,2,900067000116921,72996,f,52,13,13376.968,0
70641,2798,0,162.56,50.8,2017-08-09,2017,221,2,900067000116952,72996,f,51,14,62320.408,0
70641,2798,0,162.56,50.8,2017-08-09,2017,221,2,900067000116955,72996,f,47,9,21979.936,0
70641,2798,0,162.56,50.8,2017-08-09,2017,221,2,900067000116969,72996,m,47,12,8970.848,0
70641,2798,0,162.56,50.8,2017-08-09,2017,221,2,900067000117381,72996,m,47,11,0,1
70641,2798,0,162.56,50.8,2017-08-09,2017,221,2,900067000117388,72996,m,47,10,5643.544,0
70641,2798,0,162.56,50.8,2017-08-09,2017,221,2,900067000117395,72996,f,42,8,105.352,0
70641,2798,0,162.56,50.8,2017-08-09,2017,221,2,900067000117397,72996,m,51,13,19572.928,0
70641,2798,0,162.56,50.8,2017-08-09,2017,221,2,900067000117398,72996,m,50,11,4929.784,0
70641,2798,0,162.56,50.8,2017-08-09,2017,221,2,900067000117409,72996,f,50,12,2805.224,0
70641,2798,0,162.56,50.8,2017-08-09,2017,221,2,900067000117410,72996,f,45,9,38046.752,0
70641,2798,0,162.56,50.8,2017-08-09,2017,221,2,900067000117414,72996,f,52,13,1073.808,0
70641,2798,0,162.56,50.8,2017-08-09,2017,221,2,900067000117415,72996,m,47,10,53785.608,0
70641,2798,0,162.56,50.8,2017-08-09,2017,221,2,900067000117419,72996,f,44,12,1820.328,0
70641,2798,0,162.56,50.8,2017-08-09,2017,221,2,900067000117425,72996,f,43,7,4697.744,0
70641,2798,0,162.56,50.8,2017-08-09,2017,221,2,900067000117427,72996,m,50,13,11293.464,0
70641,2798,0,162.56,50.8,2017-08-09,2017,221,2,900067000117428,72996,f,48,11,13772.696,0
70641,2798,0,162.56,50.8,2017-08-09,2017,221,2,900067000117429,72996,m,53,14,572966,0
70641,2798,0,162.56,50.8,2017-08-09,2017,221,2,900067000117436,72996,m,50,12,18437.12,0
70641,2798,0,162.56,50.8,2017-08-09,2017,221,2,900067000117437,72996,m,47,8,44659.84,0
70641,2798,0,162.56,50.8,2017-08-09,2017,221,2,900067000117440,72996,f,44,7,31473.68,0
70641,2798,0,162.56,50.8,2017-08-09,2017,221,2,900067000117442,72996,f,50,13,4160.824,0
70641,2798,0,162.56,50.8,2017-08-09,2017,221,2,900067000117443,72996,m,49,13,567.488,0
70641,2798,0,162.56,50.8,2017-08-09,2017,221,2,900067000117479,72996,m,50,11,73803.856,0
70370,3188,1,50.8,113.03,2018-07-04,2018,185,2,900067000114095,72996,m,48,12,2956.952,0
70370,3188,1,50.8,113.03,2018-07-04,2018,185,2,900067000114100,72996,f,49,10,179.464,0
70370,3188,1,50.8,113.03,2018-07-04,2018,185,2,900067000114122,72996,m,46,11,979.064,0
70370,3188,1,50.8,113.03,2018-07-04,2018,185,2,900067000114129,72996,m,47,11,1365.8,0
70370,3188,1,50.8,113.03,2018-07-04,2018,185,2,900067000114169,72996,f,47,11,370.824,0
70370,3188,1,50.8,113.03,2018-07-04,2018,185,2,900067000117290,72996,f,48,13,70712,0
70370,3188,1,50.8,113.03,2018-07-04,2018,185,2,900067000117291,72996,f,44,10,2125.792,0
70370,3188,1,50.8,113.03,2018-07-04,2018,185,2,900067000117292,72996,f,49,12,827.096,0
70370,3188,1,50.8,113.03,2018-07-04,2018,185,2,900067000117308,72996,f,50,14,245.624,1
70370,3188,1,50.8,113.03,2018-07-04,2018,185,2,900067000117318,72996,f,51,16,9016.376,0
70370,3188,1,50.8,113.03,2018-07-04,2018,185,2,900067000117322,72996,m,45,9,472.64,0
70370,3188,1,50.8,113.03,2018-07-04,2018,185,2,900067000117360,72996,f,47,10,1162.592,0
70370,3188,1,50.8,113.03,2018-07-04,2018,185,2,900067000117586,72996,m,47,12,74629.024,0
70370,3188,1,50.8,113.03,2018-07-04,2018,185,2,900067000117634,72996,m,44,9,451.264,0
70370,3188,1,50.8,113.03,2018-07-04,2018,185,2,900067000117647,72996,m,47,10,153660.96,0
70370,3188,1,50.8,113.03,2018-07-04,2018,185,2,900067000117648,72996,f,48,12,11209.064,1
70370,3188,1,50.8,113.03,2018-07-04,2018,185,2,900067000117676,72996,f,46,10,0,0
70370,3188,1,50.8,113.03,2018-07-04,2018,185,2,900067000117678,72996,m,47,11,2404.64,0
70556,3505,1,50.8,113.03,2018-08-16,2018,228,1,900043000144415,70459,f,57,22,567.192,1
70556,3505,1,50.8,113.03,2018-08-16,2018,228,1,900043000144416,70459,m,47,12,67.52,1
70556,3505,1,50.8,113.03,2018-08-16,2018,228,1,900043000144426,70459,m,53,17,19154.432,1
70556,3505,1,50.8,113.03,2018-08-16,2018,228,1,900043000144427,70459,f,60,26,991.312,1
70556,3505,1,50.8,113.03,2018-08-16,2018,228,1,900043000144446,70459,f,63,32,4300.032,1
70556,3505,1,50.8,113.03,2018-08-16,2018,228,1,900043000144447,70459,f,54,17,7154.008,1
70556,3505,1,50.8,113.03,2018-08-16,2018,228,1,900043000144463,70459,m,59,23,1261.84,1
70556,3505,1,50.8,113.03,2018-08-16,2018,228,1,900043000144465,70459,f,50,13,556.912,0
70556,3505,1,50.8,113.03,2018-08-16,2018,228,1,900043000144471,70459,f,62,33,997.224,1
70556,3505,1,50.8,113.03,2018-08-16,2018,228,1,900043000144480,70459,f,56,23,780.704,0
70556,3505,1,50.8,113.03,2018-08-16,2018,228,1,900043000144482,70459,f,49,13,3833.568,1
70556,3505,1,50.8,113.03,2018-08-16,2018,228,1,900067000117311,70459,m,56,19,17789.496,1
70556,3505,1,50.8,113.03,2018-08-16,2018,228,1,900067000117332,70459,m,48,12,568.28,1
70556,3505,1,50.8,113.03,2018-08-16,2018,228,1,900067000117357,70459,m,55,20,7302.336,0
70556,3505,1,50.8,113.03,2018-08-16,2018,228,1,900067000117359,70459,f,55,19,3196.288,1
70556,3505,1,50.8,113.03,2018-08-16,2018,228,1,900067000117392,70459,m,59,29,610.96,1
70556,3505,1,50.8,113.03,2018-08-16,2018,228,1,900067000117401,70459,m,43,8,1885.04,1
70556,3505,1,50.8,113.03,2018-08-16,2018,228,1,900067000117402,70459,m,53,19,436.376,0
70556,3505,1,50.8,113.03,2018-08-16,2018,228,1,900067000117408,70459,f,60,30,51.024,1
70556,3505,1,50.8,113.03,2018-08-16,2018,228,1,900067000117422,70459,m,54,18,51.896,0
70556,3505,1,50.8,113.03,2018-08-16,2018,228,1,900067000117424,70459,f,62,28,5840.296,0
70556,3505,1,50.8,113.03,2018-08-16,2018,228,1,900067000117430,70459,m,58,20,19214.088,0
70556,3505,1,50.8,113.03,2018-08-16,2018,228,1,900067000117431,70459,m,60,20,75469.32,1
70556,3505,1,50.8,113.03,2018-08-16,2018,228,1,900067000117435,70459,f,57,19,1152.168,1
70556,3505,1,50.8,113.03,2018-08-16,2018,228,1,900067000117447,70459,m,53,18,3762.344,0
70556,3505,1,50.8,113.03,2018-08-16,2018,228,1,900067000117454,70459,m,53,18,780.224,1
70556,3505,1,50.8,113.03,2018-08-16,2018,228,1,900067000117460,70459,f,63,32,31062.072,1
70556,3505,1,50.8,113.03,2018-08-16,2018,228,1,900067000117463,70459,f,56,18,1197.28,1
70556,3505,1,50.8,113.03,2018-08-16,2018,228,1,900067000117464,70459,m,46,12,31516.36,1
70556,3505,1,50.8,113.03,2018-08-16,2018,228,1,900067000117473,70459,f,53,18,599.112,1
74976,3146,1,50.8,113.03,2018-07-18,2018,199,1,900067000117285,70459,m,46,10,191.36,1
74976,3146,1,50.8,113.03,2018-07-18,2018,199,1,900067000117350,70459,m,55,18,15397.44,1
74976,3146,1,50.8,113.03,2018-07-18,2018,199,1,900067000117385,70459,m,52,18,0,0
74976,3146,1,50.8,113.03,2018-07-18,2018,199,1,900067000117389,70459,f,58,22,788.68,1
74976,3146,1,50.8,113.03,2018-07-18,2018,199,1,900067000117393,70459,m,53,20,377.936,1
74976,3146,1,50.8,113.03,2018-07-18,2018,199,1,900067000117396,70459,f,60,29,2440.992,1
74976,3146,1,50.8,113.03,2018-07-18,2018,199,1,900067000117399,70459,m,44,10,554.072,1
74976,3146,1,50.8,113.03,2018-07-18,2018,199,1,900067000117405,70459,f,62,26,9176.128,1
74976,3146,1,50.8,113.03,2018-07-18,2018,199,1,900067000117407,70459,f,41,8,168.24,1
74976,3146,1,50.8,113.03,2018-07-18,2018,199,1,900067000117420,70459,m,44,10,543.968,1
74976,3146,1,50.8,113.03,2018-07-18,2018,199,1,900067000117433,70459,m,55,17,409.632,1
74976,3146,1,50.8,113.03,2018-07-18,2018,199,1,900067000117439,70459,m,53,16,0,1
74976,3146,1,50.8,113.03,2018-07-18,2018,199,1,900067000117445,70459,m,52,14,783.304,1
74976,3146,1,50.8,113.03,2018-07-18,2018,199,1,900067000117451,70459,f,60,28,197.232,1
74976,3146,1,50.8,113.03,2018-07-18,2018,199,1,900067000117467,70459,f,55,19,0,1
74976,3146,1,50.8,113.03,2018-07-18,2018,199,1,900067000117469,70459,f,54,17,5504.728,1
74976,3146,1,50.8,113.03,2018-07-18,2018,199,1,900067000117470,70459,m,55,16,560.96,1
74976,3146,1,50.8,113.03,2018-07-18,2018,199,1,900067000117477,70459,f,63,30,1738.44,1
70556,3505,1,34.163,45.72,2020-07-09,2020,191,2,900043000144407,70459,f,58,22,1391.64,1
70556,3505,1,34.163,45.72,2020-07-09,2020,191,2,900043000144411,70459,f,42,8,411.536,1
70556,3505,1,34.163,45.72,2020-07-09,2020,191,2,900043000144430,70459,m,56,20,14253.92,0
70556,3505,1,34.163,45.72,2020-07-09,2020,191,2,900043000144451,70459,f,43,8,998.048,1
70556,3505,1,34.163,45.72,2020-07-09,2020,191,2,900043000144466,70459,f,55,19,2685.432,0
70556,3505,1,34.163,45.72,2020-07-09,2020,191,2,900043000144468,70459,m,54,18,589813.608,0
70556,3505,1,34.163,45.72,2020-07-09,2020,191,2,900043000144487,70459,f,62,26,2391.856,1
70556,3505,1,34.163,45.72,2020-07-09,2020,191,2,900043000144670,70459,f,50,12,5769.136,1
70556,3505,1,34.163,45.72,2020-07-09,2020,191,2,900067000116989,70459,m,50,13,34338.416,1
70556,3505,1,34.163,45.72,2020-07-09,2020,191,2,900067000117058,70459,m,55,17,53375.344,1
70556,3505,1,34.163,45.72,2020-07-09,2020,191,2,900067000117096,70459,m,55,15,6847.416,1
70556,3505,1,34.163,45.72,2020-07-09,2020,191,2,900067000117103,70459,m,53,16,2534.28,1
70556,3505,1,34.163,45.72,2020-07-09,2020,191,2,900067000117120,70459,f,58,23,0,0
70556,3505,1,34.163,45.72,2020-07-09,2020,191,2,900067000117134,70459,f,43,10,11873.392,1
70556,3505,1,34.163,45.72,2020-07-09,2020,191,2,900067000117135,70459,m,52,18,0,1
70556,3505,1,34.163,45.72,2020-07-09,2020,191,2,900067000117159,70459,f,47,10,46539.872,1
70556,3505,1,34.163,45.72,2020-07-09,2020,191,2,900067000117219,70459,m,53,15,140950.056,0
70556,3505,1,34.163,45.72,2020-07-09,2020,191,2,900067000117361,70459,m,53,18,3147.256,1
70628,3249,1,34.163,45.72,2020-08-05,2020,218,1,982126058790465,72996,f,54,12,788.448,1
70628,3249,1,34.163,45.72,2020-08-05,2020,218,1,982126058790469,72996,m,46,10,882.408,0.5
70628,3249,1,34.163,45.72,2020-08-05,2020,218,1,982126058790481,72996,f,48,12,0,1
70628,3249,1,34.163,45.72,2020-08-05,2020,218,1,982126058790483,72996,m,50,10,232.064,0.5
70628,3249,1,34.163,45.72,2020-08-05,2020,218,1,982126058790484,72996,m,47,10,546.152,1
70628,3249,1,34.163,45.72,2020-08-05,2020,218,1,982126058790488,72996,m,50,11,2140.048,0.5
70628,3249,1,34.163,45.72,2020-08-05,2020,218,1,982126058790494,72996,m,47,10,856.744,1
70628,3249,1,34.163,45.72,2020-08-05,2020,218,1,982126058790496,72996,m,49,11,138.376,1
70628,3249,1,34.163,45.72,2020-08-05,2020,218,1,982126058790508,72996,f,52,14,944.28,0
70628,3249,1,34.163,45.72,2020-08-05,2020,218,1,982126058790510,72996,m,47,8,0,1
70628,3249,1,34.163,45.72,2020-08-05,2020,218,1,982126058790511,72996,f,53,14,263.416,1
70628,3249,1,34.163,45.72,2020-08-05,2020,218,1,982126058790524,72996,m,48,12,450.208,1
70628,3249,1,34.163,45.72,2020-08-05,2020,218,1,982126058790527,72996,f,52,12,3845.736,1
70628,3249,1,34.163,45.72,2020-08-05,2020,218,1,982126058790538,72996,f,51,13,4954.824,0.5
70628,3249,1,34.163,45.72,2020-08-05,2020,218,1,982126058790545,72996,m,46,8,1869.184,0
70628,3249,1,34.163,45.72,2020-08-05,2020,218,1,982126058790549,72996,f,52,13,3678.936,0
70628,3249,1,34.163,45.72,2020-08-05,2020,218,1,982126058790554,72996,f,49,9,0,0
70628,3249,1,34.163,45.72,2020-08-05,2020,218,1,982126058790557,72996,f,51,11,9623.968,0
70628,3249,1,34.163,45.72,2020-08-05,2020,218,1,982126058790578,72996,m,48,10,2245.568,0
70628,3249,1,34.163,45.72,2020-08-05,2020,218,1,982126058790597,72996,m,47,8,5794.76,0.5
70628,3249,1,34.163,45.72,2020-08-05,2020,218,1,982126058790601,72996,m,52,12,5589.048,0
70628,3249,1,34.163,45.72,2020-08-05,2020,218,1,982126058790610,72996,f,49,10,0,0
70628,3249,1,34.163,45.72,2020-08-05,2020,218,1,982126058790613,72996,m,52,10,7245.616,1
70628,3249,1,34.163,45.72,2020-08-05,2020,218,1,982126058790614,72996,m,49,10,11811.016,0
70628,3249,1,34.163,45.72,2020-08-05,2020,218,1,982126058790615,72996,m,54,13,2289.608,0.5
70628,3249,1,34.163,45.72,2020-08-05,2020,218,1,982126058790617,72996,f,50,12,48281.8,1
70628,3249,1,34.163,45.72,2020-08-05,2020,218,1,982126058790618,72996,f,52,13,1122.056,1
70628,3249,1,34.163,45.72,2020-08-05,2020,218,1,982126058790626,72996,f,54,11,1858.584,1
70628,3249,1,34.163,45.72,2020-08-05,2020,218,1,982126058790634,72996,f,53,13,6557.4,0
70628,3249,1,34.163,45.72,2020-08-05,2020,218,1,982126058790639,72996,f,51,13,2185.352,1
70641,2798,0,34.163,45.72,2020-08-05,2020,218,3,982126058790358,72996,f,58,21,0,0
70641,2798,0,34.163,45.72,2020-08-05,2020,218,3,982126058790368,72996,f,47,11,0,0
70641,2798,0,34.163,45.72,2020-08-05,2020,218,3,982126058790370,72996,f,46,10,0,0
70641,2798,0,34.163,45.72,2020-08-05,2020,218,3,982126058790394,72996,f,45,10,2697.936,0
70641,2798,0,34.163,45.72,2020-08-05,2020,218,3,982126058790460,72996,f,49,11,0,0
70641,2798,0,34.163,45.72,2020-08-05,2020,218,3,982126058790461,72996,m,46,9,389.976,0
70641,2798,0,34.163,45.72,2020-08-05,2020,218,3,982126058790464,72996,m,46,10,1683.56,0
70641,2798,0,34.163,45.72,2020-08-05,2020,218,3,982126058790467,72996,m,46,10,272.36,0
70641,2798,0,34.163,45.72,2020-08-05,2020,218,3,982126058790470,72996,f,49,11,5315.768,0
70641,2798,0,34.163,45.72,2020-08-05,2020,218,3,982126058790473,72996,f,50,10,13860.384,0
70641,2798,0,34.163,45.72,2020-08-05,2020,218,3,982126058790475,72996,f,49,10,788.696,0
70641,2798,0,34.163,45.72,2020-08-05,2020,218,3,982126058790479,72996,f,41,7,0,0
70641,2798,0,34.163,45.72,2020-08-05,2020,218,3,982126058790482,72996,f,41,7,2070.36,0.6
70641,2798,0,34.163,45.72,2020-08-05,2020,218,3,982126058790492,72996,f,51,13,4832.696,0
70641,2798,0,34.163,45.72,2020-08-05,2020,218,3,982126058790493,72996,m,49,11,232.32,0
70641,2798,0,34.163,45.72,2020-08-05,2020,218,3,982126058790495,72996,m,50,13,2935.168,0
70641,2798,0,34.163,45.72,2020-08-05,2020,218,3,982126058790498,72996,m,49,12,0,0
70641,2798,0,34.163,45.72,2020-08-05,2020,218,3,982126058790501,72996,m,44,11,392.64,0
70641,2798,0,34.163,45.72,2020-08-05,2020,218,3,982126058790503,72996,m,48,13,10224.52,0
70641,2798,0,34.163,45.72,2020-08-05,2020,218,3,982126058790512,72996,f,46,8,4605.408,0
70641,2798,0,34.163,45.72,2020-08-05,2020,218,3,982126058790517,72996,f,51,12,145.512,0
70641,2798,0,34.163,45.72,2020-08-05,2020,218,3,982126058790521,72996,m,45,10,6380.104,0
70641,2798,0,34.163,45.72,2020-08-05,2020,218,3,982126058790522,72996,m,49,9,0,0
70641,2798,0,34.163,45.72,2020-08-05,2020,218,3,982126058790531,72996,f,53,15,0,0
70641,2798,0,34.163,45.72,2020-08-05,2020,218,3,982126058790535,72996,m,43,8,425.968,0
70641,2798,0,34.163,45.72,2020-08-05,2020,218,3,982126058790537,72996,m,40,7,478.864,0
70641,2798,0,34.163,45.72,2020-08-05,2020,218,3,982126058790540,72996,m,45,10,0,0
70641,2798,0,34.163,45.72,2020-08-05,2020,218,3,982126058790542,72996,f,51,12,845.152,0
70641,2798,0,34.163,45.72,2020-08-05,2020,218,3,982126058790556,72996,m,47,10,1346.832,0
70641,2798,0,34.163,45.72,2020-08-05,2020,218,3,982126058790630,72996,m,43,8,0,0
74976,3146,1,34.163,45.72,2020-07-06,2020,188,2,900043000144021,70459,f,63,20,1527.288,0
74976,3146,1,34.163,45.72,2020-07-06,2020,188,2,900043000144422,70459,f,61,25,1002.056,1
74976,3146,1,34.163,45.72,2020-07-06,2020,188,2,900043000144473,70459,m,54,18,2099.8,1
74976,3146,1,34.163,45.72,2020-07-06,2020,188,2,900043000144475,70459,f,41,7,1658.744,1
74976,3146,1,34.163,45.72,2020-07-06,2020,188,2,900043000144484,70459,f,59,21,28286.784,1
74976,3146,1,34.163,45.72,2020-07-06,2020,188,2,900043000144831,70459,m,55,16,0,1
74976,3146,1,34.163,45.72,2020-07-06,2020,188,2,900067000116982,70459,m,54,17,7005.28,1
74976,3146,1,34.163,45.72,2020-07-06,2020,188,2,900067000116985,70459,f,52,15,104412.232,0.5
74976,3146,1,34.163,45.72,2020-07-06,2020,188,2,900067000117027,70459,f,61,25,3130.856,1
74976,3146,1,34.163,45.72,2020-07-06,2020,188,2,900067000117043,70459,f,42,8,8119.992,0
74976,3146,1,34.163,45.72,2020-07-06,2020,188,2,900067000117080,70459,m,48,12,1660.752,1
74976,3146,1,34.163,45.72,2020-07-06,2020,188,2,900067000117102,70459,m,56,19,25029.456,0
74976,3146,1,34.163,45.72,2020-07-06,2020,188,2,900067000117113,70459,m,46,11,10162.12,0
74976,3146,1,34.163,45.72,2020-07-06,2020,188,2,900067000117123,70459,f,43,8,2870.312,0.5
74976,3146,1,34.163,45.72,2020-07-06,2020,188,2,900067000117130,70459,f,54,20,817.016,1
74976,3146,1,34.163,45.72,2020-07-06,2020,188,2,900067000117157,70459,f,42,9,4641.2,1
74976,3146,1,34.163,45.72,2020-07-06,2020,188,2,900067000117176,70459,f,58,19,46522.616,0.5
74976,3146,1,34.163,45.72,2020-07-06,2020,188,2,900067000117177,70459,f,43,8,1075.824,0
