site_id,type,release_date,pit_tag_ref
70134,translocation,2006-08-08,080048850
70134,translocation,2006-08-08,080050269
70134,translocation,2006-08-08,080051294
70134,translocation,2006-08-08,080054113
70134,translocation,2006-08-08,080055046
70134,translocation,2006-08-08,080058318
70134,translocation,2006-08-08,090852530
70134,translocation,2006-08-08,090867313
70134,translocation,2006-08-08,090876364
70134,translocation,2006-08-08,090894361
70134,translocation,2006-08-08,091007632
70134,translocation,2006-08-08,091022607
70134,translocation,2006-08-08,091024289
70134,translocation,2006-08-08,091024307
70134,translocation,2006-08-08,091034029
70134,translocation,2006-08-08,091058003
70134,translocation,2006-08-08,091059098
70134,translocation,2006-08-08,091067532
70134,translocation,2006-08-08,091104058
70134,translocation,2006-08-08,091106639
70134,translocation,2006-08-08,091124286
70134,translocation,2006-08-08,091358025
70134,translocation,2006-08-08,091382828
70134,translocation,2006-08-08,091516832
70134,translocation,2006-08-08,091523602
70134,translocation,2006-08-08,091525022
70134,translocation,2006-08-08,091528519
70134,translocation,2006-08-08,091529283
70134,translocation,2006-08-08,091530312
70134,translocation,2006-08-08,091536862
70134,translocation,2006-08-08,091557864
70134,translocation,2006-08-08,091558058
70134,translocation,2006-08-08,091567092
70134,translocation,2006-08-08,091572817
70134,translocation,2006-08-08,091581524
70134,translocation,2006-08-08,091585885
70134,translocation,2006-08-08,091592591
70134,translocation,2006-08-08,091593803
70134,translocation,2006-08-08,091602591
70134,translocation,2006-08-08,091603798
70370,translocation,2016-07-30,900043000108171
70370,translocation,2016-07-30,900067000078025
70370,translocation,2016-07-30,900067000078068
70370,translocation,2016-07-30,900067000078105
70370,translocation,2016-07-30,900067000078126
70370,translocation,2016-07-30,900067000078174
70370,translocation,2016-07-30,900067000078224
70370,translocation,2016-07-30,900067000078229
70370,translocation,2016-07-30,900067000078245
70370,translocation,2016-07-30,900067000078251
70370,translocation,2016-07-30,900067000078261
70370,translocation,2016-07-30,900067000078264
70370,translocation,2016-07-30,900067000078279
70370,translocation,2016-07-30,900067000078329
70370,translocation,2016-07-30,900067000078357
70370,translocation,2016-07-30,900067000078376
70370,translocation,2016-07-30,900067000078390
70370,translocation,2016-07-30,900067000078418
70370,translocation,2016-07-30,900067000078419
70370,translocation,2016-07-30,900067000078423
70370,translocation,2016-07-30,900067000078458
70370,translocation,2016-07-30,900067000078478
70370,translocation,2016-07-30,900067000114082
70370,translocation,2016-07-30,900067000114084
70370,translocation,2016-07-30,900067000114087
70370,translocation,2016-07-30,900067000114088
70370,translocation,2016-07-30,900067000114090
70370,translocation,2016-07-30,900067000114091
70370,translocation,2016-07-30,900067000114093
70370,translocation,2016-07-30,900067000114096
70370,translocation,2016-07-30,900067000114103
70370,translocation,2016-07-30,900067000114106
70370,translocation,2016-07-30,900067000114109
70370,translocation,2016-07-30,900067000114111
70370,translocation,2016-07-30,900067000114117
70370,translocation,2016-07-30,900067000114124
70370,translocation,2016-07-30,900067000114131
70370,translocation,2016-07-30,900067000114135
70370,translocation,2016-07-30,900067000114140
70370,translocation,2016-07-30,900067000114141
70370,translocation,2016-07-30,900067000114149
70370,translocation,2016-07-30,900067000114160
70370,translocation,2016-07-30,900067000114161
70370,translocation,2016-07-30,900067000114162
70370,translocation,2016-07-30,900067000114163
70370,translocation,2016-07-30,900067000114165
70370,translocation,2016-07-30,900067000114167
70370,translocation,2016-07-30,900067000114170
70370,translocation,2016-07-30,900067000114172
70370,translocation,2016-07-30,900067000114174
70370,translocation,2018-07-04,900067000114095
70370,translocation,2018-07-04,900067000114100
70370,translocation,2018-07-04,900067000114122
70370,translocation,2018-07-04,900067000114129
70370,translocation,2018-07-04,900067000114169
70370,translocation,2018-07-04,900067000117290
70370,translocation,2018-07-04,900067000117291
70370,translocation,2018-07-04,900067000117292
70370,translocation,2018-07-04,900067000117308
70370,translocation,2018-07-04,900067000117318
70370,translocation,2018-07-04,900067000117322
70370,translocation,2018-07-04,900067000117360
70370,translocation,2018-07-04,900067000117586
70370,translocation,2018-07-04,900067000117634
70370,translocation,2018-07-04,900067000117647
70370,translocation,2018-07-04,900067000117648
70370,translocation,2018-07-04,900067000117676
70370,translocation,2018-07-04,900067000117678
70413,translocation,2013-07-15,900118001027669
70413,translocation,2013-07-15,900118001027732
70413,translocation,2013-07-15,900118001027825
70413,translocation,2013-07-15,900118001027943
70413,translocation,2013-07-15,900118001028253
70413,translocation,2013-07-15,900118001028329
70413,translocation,2013-07-15,900118001028660
70413,translocation,2013-07-15,900118001028708
70413,translocation,2013-07-15,900118001028945
70413,translocation,2013-07-15,900118001029064
70413,translocation,2013-07-15,900118001029071
70413,translocation,2013-07-15,900118001029179
70413,translocation,2013-07-15,900118001029276
70413,translocation,2013-07-15,900118001029608
70413,translocation,2013-07-15,900118001029614
70413,translocation,2013-07-15,900118001029701
70413,translocation,2013-07-15,900118001029717
70413,translocation,2013-07-15,900118001029743
70413,translocation,2013-07-15,900118001029880
70413,translocation,2013-07-15,900118001029981
70413,translocation,2013-07-15,900118001030121
70413,translocation,2013-07-15,900118001030201
70413,translocation,2013-07-15,900118001030233
70413,translocation,2013-07-15,900118001030336
70413,translocation,2013-07-15,900118001030340
70413,translocation,2013-07-15,900118001030433
70413,translocation,2013-07-15,900118001030450
70413,translocation,2013-07-15,900118001030621
70413,translocation,2013-07-15,900118001057556
70413,translocation,2013-07-15,900118001057650
70413,translocation,2013-07-15,900118001057684
70413,translocation,2013-07-15,900118001057993
70413,translocation,2013-07-15,900118001058076
70413,translocation,2013-07-15,900118001058227
70413,translocation,2013-07-15,900118001058357
70413,translocation,2013-07-15,900118001059017
70413,translocation,2013-07-15,900118001059382
70413,translocation,2013-07-15,900118001064566
70413,translocation,2013-07-15,985121019071757
70413,translocation,2015-07-15,900043000104408
70413,translocation,2015-07-15,900043000104441
70413,translocation,2015-07-15,900043000104444
70413,translocation,2015-07-15,900043000108268
70413,translocation,2015-07-15,900118001057424
70413,translocation,2015-07-15,982000365440174
70413,translocation,2015-07-15,982000365440190
70413,translocation,2015-07-15,982000365440193
70413,translocation,2015-07-15,982000365440208
70413,translocation,2015-07-15,982000365440213
70413,translocation,2015-07-15,982000365440220
70413,translocation,2015-07-15,982000365440229
70413,translocation,2015-07-15,982000365440253
70413,translocation,2015-07-15,982000365440258
70413,translocation,2015-07-15,982000365440268
70413,translocation,2015-07-15,982000365440275
70413,translocation,2015-07-15,982000365440276
70413,translocation,2015-07-15,982000365440300
70413,translocation,2015-07-15,982000365440320
70413,translocation,2015-07-15,982000365440327
70413,translocation,2015-07-15,982000365440357
70413,translocation,2015-07-15,982000365440361
70413,translocation,2017-09-02,900067000113992
70413,translocation,2017-09-02,900067000114046
70413,translocation,2017-09-02,900067000114297
70413,translocation,2017-09-02,900067000114359
70413,translocation,2017-09-02,900067000114585
70413,translocation,2017-09-02,900067000114645
70413,translocation,2017-09-02,900067000114727
70413,translocation,2017-09-02,900067000116848
70413,translocation,2017-09-02,900067000117383
70413,translocation,2017-09-02,900067000117403
70413,translocation,2017-09-02,900067000117413
70413,translocation,2017-09-02,900067000117426
70413,translocation,2017-09-02,900067000117434
70413,translocation,2017-09-02,900067000117455
70413,translocation,2017-09-02,900067000117461
70413,translocation,2017-09-02,900067000117462
70413,translocation,2017-09-02,900067000117468
70413,translocation,2017-09-02,900067000117480
70414,translocation,2006-07-18,080047783
70414,translocation,2006-07-18,080050325
70414,translocation,2006-07-18,080053099
70414,translocation,2006-07-18,080054873
70414,translocation,2006-07-18,080055025
70414,translocation,2006-07-18,080055334
70414,translocation,2006-07-18,080058043
70414,translocation,2006-07-18,080058516
70414,translocation,2006-07-18,090871274
70414,translocation,2006-07-18,090893577
70414,translocation,2006-07-18,091015595
70414,translocation,2006-07-18,091025053
70414,translocation,2006-07-18,091025592
70414,translocation,2006-07-18,091029333
70414,translocation,2006-07-18,091057583
70414,translocation,2006-07-18,091089263
70414,translocation,2006-07-18,091104806
70414,translocation,2006-07-18,091109549
70414,translocation,2006-07-18,091114006
70414,translocation,2006-07-18,091283821
70414,translocation,2006-07-18,091292290
70414,translocation,2006-07-18,091336372
70414,translocation,2006-07-18,091347614
70414,translocation,2006-07-18,091362526
70414,translocation,2006-07-18,091513056
70414,translocation,2006-07-18,091522614
70414,translocation,2006-07-18,091538610
70414,translocation,2006-07-18,091546090
70414,translocation,2006-07-18,091549862
70414,translocation,2006-07-18,091552028
70414,translocation,2006-07-18,091554889
70414,translocation,2006-07-18,091556840
70414,translocation,2006-07-18,091576079
70414,translocation,2006-07-18,091582797
70414,translocation,2006-07-18,091586097
70414,translocation,2006-07-18,091592889
70414,translocation,2006-07-18,091594065
70414,translocation,2006-07-18,091598801
70414,translocation,2006-07-18,092789121
70449,translocation,2014-06-28,900043000104502
70449,translocation,2014-06-28,900043000104505
70449,translocation,2014-06-28,900043000104510
70449,translocation,2014-06-28,900043000104512
70449,translocation,2014-06-28,900043000104513
70449,translocation,2014-06-28,900043000104516
70449,translocation,2014-06-28,900043000104520
70449,translocation,2014-06-28,900043000104521
70449,translocation,2014-06-28,900043000104522
70449,translocation,2014-06-28,900043000104524
70449,translocation,2014-06-28,900043000104526
70449,translocation,2014-06-28,900043000104529
70449,translocation,2014-06-28,900043000104530
70449,translocation,2014-06-28,900043000104531
70449,translocation,2014-06-28,900043000104532
70449,translocation,2014-06-28,900043000104536
70449,translocation,2014-06-28,900043000104539
70449,translocation,2014-06-28,900043000104540
70449,translocation,2014-06-28,900043000104542
70449,translocation,2014-06-28,900043000104543
70449,translocation,2014-06-28,900043000104546
70449,translocation,2014-06-28,900043000104547
70449,translocation,2014-06-28,900043000104549
70449,translocation,2014-06-28,900043000104552
70449,translocation,2014-06-28,900043000104553
70449,translocation,2014-06-28,900043000104554
70449,translocation,2014-06-28,900043000104555
70449,translocation,2014-06-28,900043000104556
70449,translocation,2014-06-28,900043000104561
70449,translocation,2014-06-28,900043000104562
70449,translocation,2014-06-28,900043000104567
70449,translocation,2014-06-28,900043000104568
70449,translocation,2014-06-28,900043000104571
70449,translocation,2014-06-28,900043000104572
70449,translocation,2014-06-28,900043000104574
70449,translocation,2014-06-28,900043000104575
70449,translocation,2014-06-28,900043000104579
70449,translocation,2014-06-28,900043000104584
70449,translocation,2014-06-28,900043000104587
70449,translocation,2014-06-28,900043000104588
70449,translocation,2014-06-28,900043000104589
70449,translocation,2014-06-28,900043000104590
70449,translocation,2014-06-28,900043000104591
70449,translocation,2014-06-28,900043000104594
70449,translocation,2014-06-28,900043000104599
70449,translocation,2014-06-28,900118001027515
70449,translocation,2014-06-28,900118001027772
70449,translocation,2014-06-28,900118001029229
70449,translocation,2014-06-28,900118001029497
70449,translocation,2014-06-28,900118001058387
70449,translocation,2017-08-09,900067000114018
70449,translocation,2017-08-09,900067000114099
70449,translocation,2017-08-09,900067000114108
70449,translocation,2017-08-09,900067000114136
70449,translocation,2017-08-09,900067000114138
70449,translocation,2017-08-09,900067000114178
70449,translocation,2017-08-09,900067000117387
70449,translocation,2017-08-09,900067000117390
70449,translocation,2017-08-09,900067000117394
70449,translocation,2017-08-09,900067000117406
70449,translocation,2017-08-09,900067000117411
70449,translocation,2017-08-09,900067000117412
70449,translocation,2017-08-09,900067000117416
70449,translocation,2017-08-09,900067000117418
70449,translocation,2017-08-09,900067000117423
70449,translocation,2017-08-09,900067000117432
70449,translocation,2017-08-09,900067000117438
70449,translocation,2017-08-09,900067000117441
70449,translocation,2017-08-09,900067000117444
70449,translocation,2017-08-09,900067000117446
70449,translocation,2017-08-09,900067000117449
70449,translocation,2017-08-09,900067000117453
70449,translocation,2017-08-09,900067000117458
70449,translocation,2017-08-09,900067000117459
70449,translocation,2017-08-09,900067000117465
70449,translocation,2017-08-09,900067000117466
70449,translocation,2017-08-09,900067000117471
70449,translocation,2017-08-09,900067000117475
70449,translocation,2017-08-09,900067000117476
70449,translocation,2017-08-09,900067000117478
70505,translocation,2008-07-15,985121011993027
70505,translocation,2008-07-15,985121012022903
70505,translocation,2008-07-15,985121012023064
70505,translocation,2008-07-15,985121012024075
70505,translocation,2008-07-15,985121012024446
70505,translocation,2008-07-15,985121012025789
70505,translocation,2008-07-15,985121012025876
70505,translocation,2008-07-15,985121012027934
70505,translocation,2008-07-15,985121012028875
70505,translocation,2008-07-15,985121012029294
70505,translocation,2008-07-15,985121012029339
70505,translocation,2008-07-15,985121012029379
70505,translocation,2008-07-15,985121012029973
70505,translocation,2008-07-15,985121012030430
70505,translocation,2008-07-15,985121012031001
70505,translocation,2008-07-15,985121012031275
70505,translocation,2008-07-15,985121012031889
70505,translocation,2008-07-15,985121012034712
70505,translocation,2008-07-15,985121012035780
70505,translocation,2008-07-15,985121012055247
70505,translocation,2008-07-15,985153000075201
70505,translocation,2008-07-15,985153000075205
70505,translocation,2008-07-15,985153000075208
70505,translocation,2008-07-15,985153000075219
70505,translocation,2008-07-15,985153000075228
70505,translocation,2008-07-15,985153000075233
70505,translocation,2008-07-15,985153000075235
70505,translocation,2008-07-15,985153000075236
70505,translocation,2008-07-15,985153000075239
70505,translocation,2008-07-15,985153000075244
70505,translocation,2008-07-15,985153000075252
70505,translocation,2008-07-15,985153000075269
70505,translocation,2008-07-15,985153000075273
70505,translocation,2008-07-15,985153000075284
70505,translocation,2008-07-15,985153000075285
70505,translocation,2008-07-15,985153000075295
70505,translocation,2013-07-16,121012035780
70505,translocation,2013-07-16,900118001027915
70505,translocation,2013-07-16,900118001029790
70505,translocation,2013-07-16,900118001029978
70505,translocation,2013-07-16,900118001030064
70505,translocation,2013-07-16,900118001030547
70505,translocation,2013-07-16,900118001031300
70505,translocation,2013-07-16,900118001031708
70505,translocation,2013-07-16,900118001057400
70505,translocation,2013-07-16,900118001057931
70505,translocation,2013-07-16,900118001057979
70505,translocation,2013-07-16,900118001058038
70505,translocation,2013-07-16,900118001058090
70505,translocation,2013-07-16,900118001058319
70505,translocation,2013-07-16,900118001058985
70505,translocation,2013-07-16,900118001059649
70505,translocation,2013-07-16,900118001059787
70505,translocation,2013-07-16,900118001060646
70505,translocation,2013-07-16,900118001065405
70505,translocation,2015-07-06,900043000108202
70505,translocation,2015-07-06,900043000108208
70505,translocation,2015-07-06,900043000108215
70505,translocation,2015-07-06,900043000108229
70505,translocation,2015-07-06,900043000108230
70505,translocation,2015-07-06,900043000108235
70505,translocation,2015-07-06,900043000108241
70505,translocation,2015-07-06,900043000108242
70505,translocation,2015-07-06,900043000108271
70505,translocation,2015-07-06,900043000108280
70505,translocation,2015-07-06,900043000108289
70505,translocation,2015-07-06,900043000108294
70505,translocation,2015-07-06,900043000108311
70505,translocation,2015-07-06,900043000108326
70505,translocation,2015-07-06,900043000108351
70505,translocation,2015-07-06,900043000108353
70505,translocation,2015-07-06,900043000108359
70505,translocation,2015-07-06,900043000108364
70505,translocation,2015-07-06,900043000108373
70505,translocation,2015-07-06,900043000108392
70505,translocation,2017-08-09,900067000113895
70505,translocation,2017-08-09,900067000113939
70505,translocation,2017-08-09,900067000113978
70505,translocation,2017-08-09,900067000114081
70505,translocation,2017-08-09,900067000114085
70505,translocation,2017-08-09,900067000114089
70505,translocation,2017-08-09,900067000114092
70505,translocation,2017-08-09,900067000114097
70505,translocation,2017-08-09,900067000114102
70505,translocation,2017-08-09,900067000114105
70505,translocation,2017-08-09,900067000114112
70505,translocation,2017-08-09,900067000114115
70505,translocation,2017-08-09,900067000114119
70505,translocation,2017-08-09,900067000114123
70505,translocation,2017-08-09,900067000114126
70505,translocation,2017-08-09,900067000114128
70505,translocation,2017-08-09,900067000114145
70505,translocation,2017-08-09,900067000114147
70505,translocation,2017-08-09,900067000114150
70505,translocation,2017-08-09,900067000114152
70505,translocation,2017-08-09,900067000114153
70505,translocation,2017-08-09,900067000114157
70505,translocation,2017-08-09,900067000114159
70505,translocation,2017-08-09,900067000114164
70505,translocation,2017-08-09,900067000114168
70505,translocation,2017-08-09,900067000114179
70505,translocation,2017-08-09,900067000114765
70505,translocation,2017-08-09,900067000116860
70505,translocation,2017-08-09,900067000116900
70505,translocation,2017-08-09,900067000116911
70550,translocation,2006-08-07,062374570
70550,translocation,2006-08-07,080045534
70550,translocation,2006-08-07,080045779
70550,translocation,2006-08-07,080048769
70550,translocation,2006-08-07,080052585
70550,translocation,2006-08-07,080068126
70550,translocation,2006-08-07,080374566
70550,translocation,2006-08-07,090873349
70550,translocation,2006-08-07,090891807
70550,translocation,2006-08-07,091020125
70550,translocation,2006-08-07,091021044
70550,translocation,2006-08-07,091022277
70550,translocation,2006-08-07,091034860
70550,translocation,2006-08-07,091063878
70550,translocation,2006-08-07,091066872
70550,translocation,2006-08-07,091072047
70550,translocation,2006-08-07,091094305
70550,translocation,2006-08-07,091110803
70550,translocation,2006-08-07,091120768
70550,translocation,2006-08-07,091315561
70550,translocation,2006-08-07,091318870
70550,translocation,2006-08-07,091320558
70550,translocation,2006-08-07,091336278
70550,translocation,2006-08-07,091344771
70550,translocation,2006-08-07,091346622
70550,translocation,2006-08-07,091356306
70550,translocation,2006-08-07,091356534
70550,translocation,2006-08-07,091357564
70550,translocation,2006-08-07,091515292
70550,translocation,2006-08-07,091529336
70550,translocation,2006-08-07,091530379
70550,translocation,2006-08-07,091571769
70550,translocation,2006-08-07,091572056
70550,translocation,2006-08-07,091573095
70550,translocation,2006-08-07,091575537
70550,translocation,2006-08-07,091582279
70550,translocation,2006-08-07,091582868
70550,translocation,2006-08-07,091601297
70550,translocation,2006-08-07,118001058990
70550,translocation,2006-08-07,900118001060333
70550,translocation,2013-07-16,900118001028456
70550,translocation,2013-07-16,900118001029814
70550,translocation,2013-07-16,900118001030025
70550,translocation,2013-07-16,900118001030063
70550,translocation,2013-07-16,900118001030093
70550,translocation,2013-07-16,900118001030163
70550,translocation,2013-07-16,900118001030750
70550,translocation,2013-07-16,900118001031196
70550,translocation,2013-07-16,900118001031343
70550,translocation,2013-07-16,900118001031348
70550,translocation,2013-07-16,900118001031752
70550,translocation,2013-07-16,900118001057579
70550,translocation,2013-07-16,900118001057905
70550,translocation,2013-07-16,900118001058841
70550,translocation,2013-07-16,900118001058870
70550,translocation,2013-07-16,900118001059003
70550,translocation,2013-07-16,900118001059949
70550,translocation,2013-07-16,900118001065754
70550,translocation,2013-07-16,900118001067329
70550,translocation,2013-07-16,985121013702904
70556,translocation,2018-08-16,900043000144415
70556,translocation,2018-08-16,900043000144416
70556,translocation,2018-08-16,900043000144426
70556,translocation,2018-08-16,900043000144427
70556,translocation,2018-08-16,900043000144446
70556,translocation,2018-08-16,900043000144447
70556,translocation,2018-08-16,900043000144463
70556,translocation,2018-08-16,900043000144465
70556,translocation,2018-08-16,900043000144471
70556,translocation,2018-08-16,900043000144480
70556,translocation,2018-08-16,900043000144482
70556,translocation,2018-08-16,900067000117311
70556,translocation,2018-08-16,900067000117332
70556,translocation,2018-08-16,900067000117357
70556,translocation,2018-08-16,900067000117359
70556,translocation,2018-08-16,900067000117392
70556,translocation,2018-08-16,900067000117401
70556,translocation,2018-08-16,900067000117402
70556,translocation,2018-08-16,900067000117408
70556,translocation,2018-08-16,900067000117422
70556,translocation,2018-08-16,900067000117424
70556,translocation,2018-08-16,900067000117430
70556,translocation,2018-08-16,900067000117431
70556,translocation,2018-08-16,900067000117435
70556,translocation,2018-08-16,900067000117447
70556,translocation,2018-08-16,900067000117454
70556,translocation,2018-08-16,900067000117460
70556,translocation,2018-08-16,900067000117463
70556,translocation,2018-08-16,900067000117464
70556,translocation,2018-08-16,900067000117473
70556,translocation,2020-07-09,900043000144407
70556,translocation,2020-07-09,900043000144411
70556,translocation,2020-07-09,900043000144430
70556,translocation,2020-07-09,900043000144451
70556,translocation,2020-07-09,900043000144466
70556,translocation,2020-07-09,900043000144468
70556,translocation,2020-07-09,900043000144487
70556,translocation,2020-07-09,900043000144670
70556,translocation,2020-07-09,900067000116989
70556,translocation,2020-07-09,900067000117058
70556,translocation,2020-07-09,900067000117096
70556,translocation,2020-07-09,900067000117103
70556,translocation,2020-07-09,900067000117120
70556,translocation,2020-07-09,900067000117134
70556,translocation,2020-07-09,900067000117135
70556,translocation,2020-07-09,900067000117159
70556,translocation,2020-07-09,900067000117219
70556,translocation,2020-07-09,900067000117361
70619,translocation,2008-07-15,985121011981122
70619,translocation,2008-07-15,985121011986696
70619,translocation,2008-07-15,985121011988199
70619,translocation,2008-07-15,985121011991157
70619,translocation,2008-07-15,985121012023060
70619,translocation,2008-07-15,985121012023067
70619,translocation,2008-07-15,985121012024185
70619,translocation,2008-07-15,985121012024211
70619,translocation,2008-07-15,985121012024601
70619,translocation,2008-07-15,985121012025837
70619,translocation,2008-07-15,985121012026041
70619,translocation,2008-07-15,985121012027480
70619,translocation,2008-07-15,985121012027520
70619,translocation,2008-07-15,985121012027625
70619,translocation,2008-07-15,985121012028461
70619,translocation,2008-07-15,985121012028793
70619,translocation,2008-07-15,985121012029320
70619,translocation,2008-07-15,985121012029588
70619,translocation,2008-07-15,985121012029728
70619,translocation,2008-07-15,985121012030900
70619,translocation,2008-07-15,985121012031389
70619,translocation,2008-07-15,985121012033178
70619,translocation,2008-07-15,985121012052049
70619,translocation,2008-07-15,985121012056454
70619,translocation,2008-07-15,985121013699370
70619,translocation,2008-07-15,985121013700755
70619,translocation,2008-07-15,985121013701012
70619,translocation,2008-07-15,985121013702881
70619,translocation,2008-07-15,985121013704817
70619,translocation,2008-07-15,985121013705102
70619,translocation,2008-07-15,985121013706912
70619,translocation,2008-07-15,985121013709017
70619,translocation,2008-07-15,985121013711374
70619,translocation,2008-07-15,985121013713217
70619,translocation,2008-07-15,985121013713747
70619,translocation,2008-07-15,985121013715395
70628,translocation,2020-08-05,982126058790465
70628,translocation,2020-08-05,982126058790469
70628,translocation,2020-08-05,982126058790481
70628,translocation,2020-08-05,982126058790483
70628,translocation,2020-08-05,982126058790484
70628,translocation,2020-08-05,982126058790488
70628,translocation,2020-08-05,982126058790494
70628,translocation,2020-08-05,982126058790496
70628,translocation,2020-08-05,982126058790508
70628,translocation,2020-08-05,982126058790510
70628,translocation,2020-08-05,982126058790511
70628,translocation,2020-08-05,982126058790524
70628,translocation,2020-08-05,982126058790527
70628,translocation,2020-08-05,982126058790538
70628,translocation,2020-08-05,982126058790545
70628,translocation,2020-08-05,982126058790549
70628,translocation,2020-08-05,982126058790554
70628,translocation,2020-08-05,982126058790557
70628,translocation,2020-08-05,982126058790578
70628,translocation,2020-08-05,982126058790597
70628,translocation,2020-08-05,982126058790601
70628,translocation,2020-08-05,982126058790610
70628,translocation,2020-08-05,982126058790613
70628,translocation,2020-08-05,982126058790614
70628,translocation,2020-08-05,982126058790615
70628,translocation,2020-08-05,982126058790617
70628,translocation,2020-08-05,982126058790618
70628,translocation,2020-08-05,982126058790626
70628,translocation,2020-08-05,982126058790634
70628,translocation,2020-08-05,982126058790639
70641,translocation,2015-08-12,900043000104460
70641,translocation,2015-08-12,900043000104497
70641,translocation,2015-08-12,900067000063902
70641,translocation,2015-08-12,900067000063903
70641,translocation,2015-08-12,900067000063904
70641,translocation,2015-08-12,900067000063905
70641,translocation,2015-08-12,900067000063906
70641,translocation,2015-08-12,900067000063907
70641,translocation,2015-08-12,900067000063910
70641,translocation,2015-08-12,900067000063911
70641,translocation,2015-08-12,900067000063912
70641,translocation,2015-08-12,900067000063913
70641,translocation,2015-08-12,900067000063914
70641,translocation,2015-08-12,900067000063915
70641,translocation,2015-08-12,900067000063917
70641,translocation,2015-08-12,900067000063918
70641,translocation,2015-08-12,900067000063919
70641,translocation,2015-08-12,900067000063920
70641,translocation,2015-08-12,900067000063921
70641,translocation,2015-08-12,900067000063922
70641,translocation,2015-08-12,900067000063924
70641,translocation,2015-08-12,900067000063925
70641,translocation,2015-08-12,900067000063926
70641,translocation,2015-08-12,900067000063928
70641,translocation,2015-08-12,900067000063929
70641,translocation,2015-08-12,900067000063930
70641,translocation,2015-08-12,900067000063931
70641,translocation,2015-08-12,900067000063932
70641,translocation,2015-08-12,900067000063933
70641,translocation,2015-08-12,900067000063935
70641,translocation,2015-08-12,900067000063936
70641,translocation,2015-08-12,900067000063937
70641,translocation,2015-08-12,900067000063938
70641,translocation,2015-08-12,900067000063939
70641,translocation,2015-08-12,900067000063940
70641,translocation,2015-08-12,900067000063941
70641,translocation,2015-08-12,900067000063942
70641,translocation,2015-08-12,900067000063943
70641,translocation,2015-08-12,900067000063944
70641,translocation,2015-08-12,900067000063945
70641,translocation,2015-08-12,900067000063946
70641,translocation,2015-08-12,900067000063947
70641,translocation,2015-08-12,900067000063948
70641,translocation,2015-08-12,900067000063949
70641,translocation,2015-08-12,900067000063950
70641,translocation,2015-08-12,900067000063951
70641,translocation,2015-08-12,900067000063952
70641,translocation,2015-08-12,900067000063953
70641,translocation,2015-08-12,900067000063954
70641,translocation,2015-08-12,900067000063956
70641,translocation,2015-08-12,900067000063957
70641,translocation,2015-08-12,900067000063958
70641,translocation,2015-08-12,900067000063959
70641,translocation,2015-08-12,900067000063961
70641,translocation,2015-08-12,900067000063962
70641,translocation,2015-08-12,900067000063963
70641,translocation,2015-08-12,900067000063966
70641,translocation,2015-08-12,900067000063968
70641,translocation,2015-08-12,900067000063969
70641,translocation,2015-08-12,900067000063970
70641,translocation,2015-08-12,900067000063971
70641,translocation,2015-08-12,900067000063972
70641,translocation,2015-08-12,900067000063974
70641,translocation,2015-08-12,900067000063975
70641,translocation,2015-08-12,900067000063977
70641,translocation,2015-08-12,900067000063978
70641,translocation,2015-08-12,900067000063979
70641,translocation,2015-08-12,900067000063980
70641,translocation,2015-08-12,900067000063981
70641,translocation,2015-08-12,900067000063982
70641,translocation,2015-08-12,900067000063983
70641,translocation,2015-08-12,900067000063985
70641,translocation,2015-08-12,900067000063986
70641,translocation,2015-08-12,900067000063987
70641,translocation,2015-08-12,900067000063988
70641,translocation,2015-08-12,900067000063993
70641,translocation,2015-08-12,900067000063995
70641,translocation,2015-08-12,900067000063996
70641,translocation,2015-08-12,900067000063997
70641,translocation,2015-08-12,900067000064000
70641,translocation,2015-08-12,900067000114499
70641,translocation,2015-08-12,982000365440172
70641,translocation,2015-08-12,982000365440186
70641,translocation,2015-08-12,982000365440187
70641,translocation,2015-08-12,982000365440196
70641,translocation,2015-08-12,982000365440197
70641,translocation,2015-08-12,982000365440205
70641,translocation,2015-08-12,982000365440211
70641,translocation,2015-08-12,982000365440245
70641,translocation,2015-08-12,982000365440260
70641,translocation,2015-08-12,982000365440269
70641,translocation,2015-08-12,982000365440278
70641,translocation,2015-08-12,982000365440280
70641,translocation,2015-08-12,982000365440285
70641,translocation,2015-08-12,982000365440287
70641,translocation,2015-08-12,982000365440332
70641,translocation,2015-08-12,982000365440336
70641,translocation,2015-08-12,982000365440349
70641,translocation,2015-08-12,982000365440352
70641,translocation,2017-08-09,900067000116883
70641,translocation,2017-08-09,900067000116890
70641,translocation,2017-08-09,900067000116898
70641,translocation,2017-08-09,900067000116914
70641,translocation,2017-08-09,900067000116917
70641,translocation,2017-08-09,900067000116921
70641,translocation,2017-08-09,900067000116952
70641,translocation,2017-08-09,900067000116955
70641,translocation,2017-08-09,900067000116969
70641,translocation,2017-08-09,900067000117381
70641,translocation,2017-08-09,900067000117388
70641,translocation,2017-08-09,900067000117395
70641,translocation,2017-08-09,900067000117396
70641,translocation,2017-08-09,900067000117398
70641,translocation,2017-08-09,900067000117409
70641,translocation,2017-08-09,900067000117410
70641,translocation,2017-08-09,900067000117414
70641,translocation,2017-08-09,900067000117415
70641,translocation,2017-08-09,900067000117419
70641,translocation,2017-08-09,900067000117425
70641,translocation,2017-08-09,900067000117427
70641,translocation,2017-08-09,900067000117428
70641,translocation,2017-08-09,900067000117429
70641,translocation,2017-08-09,900067000117436
70641,translocation,2017-08-09,900067000117437
70641,translocation,2017-08-09,900067000117440
70641,translocation,2017-08-09,900067000117442
70641,translocation,2017-08-09,900067000117443
70641,translocation,2017-08-09,900067000117479
70641,translocation,2020-08-05,982126058790358
70641,translocation,2020-08-05,982126058790368
70641,translocation,2020-08-05,982126058790370
70641,translocation,2020-08-05,982126058790394
70641,translocation,2020-08-05,982126058790460
70641,translocation,2020-08-05,982126058790461
70641,translocation,2020-08-05,982126058790464
70641,translocation,2020-08-05,982126058790467
70641,translocation,2020-08-05,982126058790470
70641,translocation,2020-08-05,982126058790473
70641,translocation,2020-08-05,982126058790475
70641,translocation,2020-08-05,982126058790479
70641,translocation,2020-08-05,982126058790482
70641,translocation,2020-08-05,982126058790492
70641,translocation,2020-08-05,982126058790493
70641,translocation,2020-08-05,982126058790495
70641,translocation,2020-08-05,982126058790498
70641,translocation,2020-08-05,982126058790501
70641,translocation,2020-08-05,982126058790503
70641,translocation,2020-08-05,982126058790512
70641,translocation,2020-08-05,982126058790517
70641,translocation,2020-08-05,982126058790521
70641,translocation,2020-08-05,982126058790522
70641,translocation,2020-08-05,982126058790531
70641,translocation,2020-08-05,982126058790535
70641,translocation,2020-08-05,982126058790537
70641,translocation,2020-08-05,982126058790540
70641,translocation,2020-08-05,982126058790542
70641,translocation,2020-08-05,982126058790556
70641,translocation,2020-08-05,982126058790630
74976,translocation,2018-07-18,900067000117285
74976,translocation,2018-07-18,900067000117350
74976,translocation,2018-07-18,900067000117385
74976,translocation,2018-07-18,900067000117389
74976,translocation,2018-07-18,900067000117393
74976,translocation,2018-07-18,900067000117396
74976,translocation,2018-07-18,900067000117399
74976,translocation,2018-07-18,900067000117405
74976,translocation,2018-07-18,900067000117407
74976,translocation,2018-07-18,900067000117420
74976,translocation,2018-07-18,900067000117433
74976,translocation,2018-07-18,900067000117439
74976,translocation,2018-07-18,900067000117445
74976,translocation,2018-07-18,900067000117451
74976,translocation,2018-07-18,900067000117467
74976,translocation,2018-07-18,900067000117469
74976,translocation,2018-07-18,900067000117470
74976,translocation,2018-07-18,900067000117477
74976,translocation,2020-07-06,900043000144021
74976,translocation,2020-07-06,900043000144422
74976,translocation,2020-07-06,900043000144473
74976,translocation,2020-07-06,900043000144475
74976,translocation,2020-07-06,900043000144484
74976,translocation,2020-07-06,900043000144831
74976,translocation,2020-07-06,900067000116982
74976,translocation,2020-07-06,900067000116985
74976,translocation,2020-07-06,900067000117027
74976,translocation,2020-07-06,900067000117043
74976,translocation,2020-07-06,900067000117080
74976,translocation,2020-07-06,900067000117102
74976,translocation,2020-07-06,900067000117113
74976,translocation,2020-07-06,900067000117123
74976,translocation,2020-07-06,900067000117130
74976,translocation,2020-07-06,900067000117157
74976,translocation,2020-07-06,900067000117176
74976,translocation,2020-07-06,900067000117177
