site_id,release_date,years_since_intro,pit_tag_ref,median_survival
70134,2006-08-08,1,080048850,0
70134,2006-08-08,1,080050269,0
70134,2006-08-08,1,080051294,0
70134,2006-08-08,1,080054113,0.625
70134,2006-08-08,1,080055046,0
70134,2006-08-08,1,080058318,0
70134,2006-08-08,1,090852530,0.75
70134,2006-08-08,1,090867313,0
70134,2006-08-08,1,090876364,0
70134,2006-08-08,1,090894361,0
70134,2006-08-08,1,091007632,0
70134,2006-08-08,1,091022607,0
70134,2006-08-08,1,091024289,0.625
70134,2006-08-08,1,091024307,0
70134,2006-08-08,1,091034029,0
70134,2006-08-08,1,091058003,0
70134,2006-08-08,1,091059098,0
70134,2006-08-08,1,091067532,0.625
70134,2006-08-08,1,091104058,0
70134,2006-08-08,1,091106639,0
70134,2006-08-08,1,091124286,0
70134,2006-08-08,1,091358025,0
70134,2006-08-08,1,091382828,0
70134,2006-08-08,1,091516832,0
70134,2006-08-08,1,091523602,0
70134,2006-08-08,1,091525022,0
70134,2006-08-08,1,091528519,0
70134,2006-08-08,1,091529283,0
70134,2006-08-08,1,091530312,0
70134,2006-08-08,1,091536862,0
70134,2006-08-08,1,091557864,0
70134,2006-08-08,1,091558058,0
70134,2006-08-08,1,091567092,1
70134,2006-08-08,1,091572817,0
70134,2006-08-08,1,091581524,0
70134,2006-08-08,1,091585885,0.5
70134,2006-08-08,1,091592591,0
70134,2006-08-08,1,091593803,0
70134,2006-08-08,1,091602591,0
70134,2006-08-08,1,091603798,0
70370,2016-07-30,1,900043000108171,0
70370,2016-07-30,1,900067000078025,0
70370,2016-07-30,1,900067000078068,0
70370,2016-07-30,1,900067000078105,0
70370,2016-07-30,1,900067000078126,0
70370,2016-07-30,1,900067000078174,0
70370,2016-07-30,1,900067000078224,0
70370,2016-07-30,1,900067000078229,0
70370,2016-07-30,1,900067000078245,0
70370,2016-07-30,1,900067000078251,0
70370,2016-07-30,1,900067000078261,0
70370,2016-07-30,1,900067000078264,0
70370,2016-07-30,1,900067000078279,0
70370,2016-07-30,1,900067000078329,0
70370,2016-07-30,1,900067000078357,0
70370,2016-07-30,1,900067000078376,0
70370,2016-07-30,1,900067000078390,1
70370,2016-07-30,1,900067000078418,0
70370,2016-07-30,1,900067000078419,0
70370,2016-07-30,1,900067000078423,0
70370,2016-07-30,1,900067000078458,0
70370,2016-07-30,1,900067000078478,0
70370,2016-07-30,1,900067000114082,1
70370,2016-07-30,1,900067000114084,0
70370,2016-07-30,1,900067000114087,0
70370,2016-07-30,1,900067000114088,0
70370,2016-07-30,1,900067000114090,0
70370,2016-07-30,1,900067000114091,0
70370,2016-07-30,1,900067000114093,0
70370,2016-07-30,1,900067000114096,0
70370,2016-07-30,1,900067000114103,0
70370,2016-07-30,1,900067000114106,0
70370,2016-07-30,1,900067000114109,0
70370,2016-07-30,1,900067000114111,0
70370,2016-07-30,1,900067000114117,0
70370,2016-07-30,1,900067000114124,0
70370,2016-07-30,1,900067000114131,0
70370,2016-07-30,1,900067000114135,0
70370,2016-07-30,1,900067000114140,0
70370,2016-07-30,1,900067000114141,0
70370,2016-07-30,1,900067000114149,0
70370,2016-07-30,1,900067000114160,0
70370,2016-07-30,1,900067000114161,0
70370,2016-07-30,1,900067000114162,0
70370,2016-07-30,1,900067000114163,0
70370,2016-07-30,1,900067000114165,0
70370,2016-07-30,1,900067000114167,0
70370,2016-07-30,1,900067000114170,0
70370,2016-07-30,1,900067000114172,0
70370,2016-07-30,1,900067000114174,0
70370,2018-07-04,1,900067000114095,0
70370,2018-07-04,1,900067000114100,0
70370,2018-07-04,1,900067000114122,0
70370,2018-07-04,1,900067000114129,0
70370,2018-07-04,1,900067000114169,0
70370,2018-07-04,1,900067000117290,0
70370,2018-07-04,1,900067000117291,0
70370,2018-07-04,1,900067000117292,0
70370,2018-07-04,1,900067000117308,1
70370,2018-07-04,1,900067000117318,0
70370,2018-07-04,1,900067000117322,0
70370,2018-07-04,1,900067000117360,0
70370,2018-07-04,1,900067000117586,0
70370,2018-07-04,1,900067000117634,0
70370,2018-07-04,1,900067000117647,0
70370,2018-07-04,1,900067000117648,1
70370,2018-07-04,1,900067000117676,0
70370,2018-07-04,1,900067000117678,0
70413,2013-07-15,1,900118001027669,1
70413,2013-07-15,1,900118001027732,1
70413,2013-07-15,1,900118001027825,1
70413,2013-07-15,1,900118001027943,0
70413,2013-07-15,1,900118001028253,1
70413,2013-07-15,1,900118001028329,1
70413,2013-07-15,1,900118001028660,0
70413,2013-07-15,1,900118001028708,0
70413,2013-07-15,1,900118001028945,1
70413,2013-07-15,1,900118001029064,1
70413,2013-07-15,1,900118001029071,1
70413,2013-07-15,1,900118001029179,1
70413,2013-07-15,1,900118001029276,0
70413,2013-07-15,1,900118001029608,0
70413,2013-07-15,1,900118001029614,1
70413,2013-07-15,1,900118001029701,0
70413,2013-07-15,1,900118001029717,1
70413,2013-07-15,1,900118001029743,0
70413,2013-07-15,1,900118001029880,0.3333333333333333
70413,2013-07-15,1,900118001029981,1
70413,2013-07-15,1,900118001030121,0
70413,2013-07-15,1,900118001030201,1
70413,2013-07-15,1,900118001030233,1
70413,2013-07-15,1,900118001030336,1
70413,2013-07-15,1,900118001030340,1
70413,2013-07-15,1,900118001030433,1
70413,2013-07-15,1,900118001030450,1
70413,2013-07-15,1,900118001030621,1
70413,2013-07-15,1,900118001057556,0
70413,2013-07-15,1,900118001057650,0
70413,2013-07-15,1,900118001057684,1
70413,2013-07-15,1,900118001057993,1
70413,2013-07-15,1,900118001058076,0.3333333333333333
70413,2013-07-15,1,900118001058227,1
70413,2013-07-15,1,900118001058357,1
70413,2013-07-15,1,900118001059017,1
70413,2013-07-15,1,900118001059382,1
70413,2013-07-15,1,900118001064566,0
70413,2013-07-15,1,985121019071757,1
70413,2015-07-15,1,900043000104408,1
70413,2015-07-15,1,900043000104441,1
70413,2015-07-15,1,900043000104444,0
70413,2015-07-15,1,900043000108268,0
70413,2015-07-15,1,900118001057424,1
70413,2015-07-15,1,982000365440174,1
70413,2015-07-15,1,982000365440190,0
70413,2015-07-15,1,982000365440193,1
70413,2015-07-15,1,982000365440208,1
70413,2015-07-15,1,982000365440213,0
70413,2015-07-15,1,982000365440220,0
70413,2015-07-15,1,982000365440229,1
70413,2015-07-15,1,982000365440253,0
70413,2015-07-15,1,982000365440258,1
70413,2015-07-15,1,982000365440268,1
70413,2015-07-15,1,982000365440275,0
70413,2015-07-15,1,982000365440276,1
70413,2015-07-15,1,982000365440300,0
70413,2015-07-15,1,982000365440320,1
70413,2015-07-15,1,982000365440327,1
70413,2015-07-15,1,982000365440357,1
70413,2015-07-15,1,982000365440361,0
70413,2017-09-02,1,900067000113992,1
70413,2017-09-02,1,900067000114046,1
70413,2017-09-02,1,900067000114297,0
70413,2017-09-02,1,900067000114359,1
70413,2017-09-02,1,900067000114585,0
70413,2017-09-02,1,900067000114645,0
70413,2017-09-02,1,900067000114727,0
70413,2017-09-02,1,900067000116848,0
70413,2017-09-02,1,900067000117383,0
70413,2017-09-02,1,900067000117403,1
70413,2017-09-02,1,900067000117413,1
70413,2017-09-02,1,900067000117426,0
70413,2017-09-02,1,900067000117434,1
70413,2017-09-02,1,900067000117455,0
70413,2017-09-02,1,900067000117461,1
70413,2017-09-02,1,900067000117462,1
70413,2017-09-02,1,900067000117468,1
70413,2017-09-02,1,900067000117480,0
70414,2006-07-18,1,080047783,0
70414,2006-07-18,1,080050325,0
70414,2006-07-18,1,080053099,0
70414,2006-07-18,1,080054873,0
70414,2006-07-18,1,080055025,0
70414,2006-07-18,1,080055334,0
70414,2006-07-18,1,080058043,0
70414,2006-07-18,1,080058516,0
70414,2006-07-18,1,090871274,0
70414,2006-07-18,1,090893577,0
70414,2006-07-18,1,091015595,0
70414,2006-07-18,1,091025053,0
70414,2006-07-18,1,091025592,0
70414,2006-07-18,1,091029333,0
70414,2006-07-18,1,091057583,0
70414,2006-07-18,1,091089263,0
70414,2006-07-18,1,091104806,0
70414,2006-07-18,1,091109549,0
70414,2006-07-18,1,091114006,0
70414,2006-07-18,1,091283821,0
70414,2006-07-18,1,091292290,0
70414,2006-07-18,1,091336372,0
70414,2006-07-18,1,091347614,0
70414,2006-07-18,1,091362526,0
70414,2006-07-18,1,091513056,0
70414,2006-07-18,1,091522614,0
70414,2006-07-18,1,091538610,0
70414,2006-07-18,1,091546090,0
70414,2006-07-18,1,091549862,0
70414,2006-07-18,1,091552028,0
70414,2006-07-18,1,091554889,0
70414,2006-07-18,1,091556840,0
70414,2006-07-18,1,091576079,0
70414,2006-07-18,1,091582797,0
70414,2006-07-18,1,091586097,0
70414,2006-07-18,1,091592889,0
70414,2006-07-18,1,091594065,0
70414,2006-07-18,1,091598801,0
70414,2006-07-18,1,092789121,0
70449,2014-06-28,1,900043000104502,1
70449,2014-06-28,1,900043000104505,1
70449,2014-06-28,1,900043000104510,0
70449,2014-06-28,1,900043000104512,0
70449,2014-06-28,1,900043000104513,0
70449,2014-06-28,1,900043000104516,0
70449,2014-06-28,1,900043000104520,0
70449,2014-06-28,1,900043000104521,0
70449,2014-06-28,1,900043000104522,1
70449,2014-06-28,1,900043000104524,0
70449,2014-06-28,1,900043000104526,0
70449,2014-06-28,1,900043000104529,1
70449,2014-06-28,1,900043000104530,0
70449,2014-06-28,1,900043000104531,0
70449,2014-06-28,1,900043000104532,0
70449,2014-06-28,1,900043000104536,0
70449,2014-06-28,1,900043000104539,0
70449,2014-06-28,1,900043000104540,1
70449,2014-06-28,1,900043000104542,1
70449,2014-06-28,1,900043000104543,0
70449,2014-06-28,1,900043000104546,1
70449,2014-06-28,1,900043000104547,0.3333333333333333
70449,2014-06-28,1,900043000104549,1
70449,2014-06-28,1,900043000104552,1
70449,2014-06-28,1,900043000104553,1
70449,2014-06-28,1,900043000104554,0
70449,2014-06-28,1,900043000104555,0
70449,2014-06-28,1,900043000104556,1
70449,2014-06-28,1,900043000104561,0
70449,2014-06-28,1,900043000104562,0
70449,2014-06-28,1,900043000104567,1
70449,2014-06-28,1,900043000104568,0
70449,2014-06-28,1,900043000104571,0
70449,2014-06-28,1,900043000104572,1
70449,2014-06-28,1,900043000104574,1
70449,2014-06-28,1,900043000104575,0
70449,2014-06-28,1,900043000104579,0
70449,2014-06-28,1,900043000104584,0
70449,2014-06-28,1,900043000104587,0
70449,2014-06-28,1,900043000104588,1
70449,2014-06-28,1,900043000104589,0
70449,2014-06-28,1,900043000104590,1
70449,2014-06-28,1,900043000104591,0
70449,2014-06-28,1,900043000104594,1
70449,2014-06-28,1,900043000104599,0
70449,2014-06-28,1,900118001027515,0
70449,2014-06-28,1,900118001027772,0
70449,2014-06-28,1,900118001029229,0
70449,2014-06-28,1,900118001029497,0
70449,2014-06-28,1,900118001058387,0
70449,2017-08-09,1,900067000114018,0
70449,2017-08-09,1,900067000114099,1
70449,2017-08-09,1,900067000114108,0
70449,2017-08-09,1,900067000114136,1
70449,2017-08-09,1,900067000114138,1
70449,2017-08-09,1,900067000114178,0
70449,2017-08-09,1,900067000117387,1
70449,2017-08-09,1,900067000117390,0
70449,2017-08-09,1,900067000117394,1
70449,2017-08-09,1,900067000117406,0
70449,2017-08-09,1,900067000117411,1
70449,2017-08-09,1,900067000117412,1
70449,2017-08-09,1,900067000117416,0
70449,2017-08-09,1,900067000117418,1
70449,2017-08-09,1,900067000117423,1
70449,2017-08-09,1,900067000117432,1
70449,2017-08-09,1,900067000117438,1
70449,2017-08-09,1,900067000117441,0
70449,2017-08-09,1,900067000117444,0
70449,2017-08-09,1,900067000117446,0
70449,2017-08-09,1,900067000117449,0
70449,2017-08-09,1,900067000117453,1
70449,2017-08-09,1,900067000117458,1
70449,2017-08-09,1,900067000117459,0
70449,2017-08-09,1,900067000117465,0
70449,2017-08-09,1,900067000117466,1
70449,2017-08-09,1,900067000117471,0
70449,2017-08-09,1,900067000117475,1
70449,2017-08-09,1,900067000117476,0
70449,2017-08-09,1,900067000117478,0
70505,2008-07-15,1,985121011993027,0
70505,2008-07-15,1,985121012022903,0
70505,2008-07-15,1,985121012023064,0
70505,2008-07-15,1,985121012024075,0
70505,2008-07-15,1,985121012024446,0
70505,2008-07-15,1,985121012025789,0
70505,2008-07-15,1,985121012025876,0
70505,2008-07-15,1,985121012027934,0
70505,2008-07-15,1,985121012028875,0
70505,2008-07-15,1,985121012029294,0
70505,2008-07-15,1,985121012029339,1
70505,2008-07-15,1,985121012029379,0
70505,2008-07-15,1,985121012029973,1
70505,2008-07-15,1,985121012030430,0
70505,2008-07-15,1,985121012031001,0
70505,2008-07-15,1,985121012031275,1
70505,2008-07-15,1,985121012031889,0
70505,2008-07-15,1,985121012034712,0
70505,2008-07-15,1,985121012035780,1
70505,2008-07-15,1,985121012055247,1
70505,2008-07-15,1,985153000075201,0
70505,2008-07-15,1,985153000075205,0
70505,2008-07-15,1,985153000075208,0
70505,2008-07-15,1,985153000075219,1
70505,2008-07-15,1,985153000075228,0
70505,2008-07-15,1,985153000075233,0.25
70505,2008-07-15,1,985153000075235,0
70505,2008-07-15,1,985153000075236,0
70505,2008-07-15,1,985153000075239,0
70505,2008-07-15,1,985153000075244,0
70505,2008-07-15,1,985153000075252,0
70505,2008-07-15,1,985153000075269,0
70505,2008-07-15,1,985153000075273,0
70505,2008-07-15,1,985153000075284,0
70505,2008-07-15,1,985153000075285,0
70505,2008-07-15,1,985153000075295,0
70505,2013-07-16,1,121012035780,0
70505,2013-07-16,1,900118001027915,0
70505,2013-07-16,1,900118001029790,1
70505,2013-07-16,1,900118001029978,0
70505,2013-07-16,1,900118001030064,0
70505,2013-07-16,1,900118001030547,0
70505,2013-07-16,1,900118001031300,0
70505,2013-07-16,1,900118001031708,0
70505,2013-07-16,1,900118001057400,0
70505,2013-07-16,1,900118001057931,1
70505,2013-07-16,1,900118001057979,0
70505,2013-07-16,1,900118001058038,0
70505,2013-07-16,1,900118001058090,0
70505,2013-07-16,1,900118001058319,0
70505,2013-07-16,1,900118001058985,0
70505,2013-07-16,1,900118001059649,0
70505,2013-07-16,1,900118001059787,1
70505,2013-07-16,1,900118001060646,0
70505,2013-07-16,1,900118001065405,0
70505,2015-07-06,1,900043000108202,0
70505,2015-07-06,1,900043000108208,0
70505,2015-07-06,1,900043000108215,0
70505,2015-07-06,1,900043000108229,0
70505,2015-07-06,1,900043000108230,0
70505,2015-07-06,1,900043000108235,0
70505,2015-07-06,1,900043000108241,0
70505,2015-07-06,1,900043000108242,0
70505,2015-07-06,1,900043000108271,1
70505,2015-07-06,1,900043000108280,0
70505,2015-07-06,1,900043000108289,0
70505,2015-07-06,1,900043000108294,0
70505,2015-07-06,1,900043000108311,0
70505,2015-07-06,1,900043000108326,0
70505,2015-07-06,1,900043000108351,0
70505,2015-07-06,1,900043000108353,0
70505,2015-07-06,1,900043000108359,1
70505,2015-07-06,1,900043000108364,0
70505,2015-07-06,1,900043000108373,0
70505,2015-07-06,1,900043000108392,0
70505,2017-08-09,1,900067000113895,0
70505,2017-08-09,1,900067000113939,0
70505,2017-08-09,1,900067000113978,0
70505,2017-08-09,1,900067000114081,0
70505,2017-08-09,1,900067000114085,0
70505,2017-08-09,1,900067000114089,0
70505,2017-08-09,1,900067000114092,0
70505,2017-08-09,1,900067000114097,0
70505,2017-08-09,1,900067000114102,0
70505,2017-08-09,1,900067000114105,1
70505,2017-08-09,1,900067000114112,0
70505,2017-08-09,1,900067000114115,0
70505,2017-08-09,1,900067000114119,0
70505,2017-08-09,1,900067000114123,0
70505,2017-08-09,1,900067000114126,0
70505,2017-08-09,1,900067000114128,0
70505,2017-08-09,1,900067000114145,0
70505,2017-08-09,1,900067000114147,0
70505,2017-08-09,1,900067000114150,0
70505,2017-08-09,1,900067000114152,0
70505,2017-08-09,1,900067000114153,0
70505,2017-08-09,1,900067000114157,0
70505,2017-08-09,1,900067000114159,0
70505,2017-08-09,1,900067000114164,0
70505,2017-08-09,1,900067000114168,1
70505,2017-08-09,1,900067000114179,1
70505,2017-08-09,1,900067000114765,0
70505,2017-08-09,1,900067000116860,0
70505,2017-08-09,1,900067000116900,0
70505,2017-08-09,1,900067000116911,0
70550,2006-08-07,1,062374570,1
70550,2006-08-07,1,080045534,0.2
70550,2006-08-07,1,080045779,1
70550,2006-08-07,1,080048769,0.4
70550,2006-08-07,1,080052585,0.8
70550,2006-08-07,1,080068126,0
70550,2006-08-07,1,080374566,0
70550,2006-08-07,1,090873349,1
70550,2006-08-07,1,090891807,0
70550,2006-08-07,1,091020125,0
70550,2006-08-07,1,091021044,1
70550,2006-08-07,1,091022277,1
70550,2006-08-07,1,091034860,0
70550,2006-08-07,1,091063878,0
70550,2006-08-07,1,091066872,0
70550,2006-08-07,1,091072047,1
70550,2006-08-07,1,091094305,0.2
70550,2006-08-07,1,091110803,1
70550,2006-08-07,1,091120768,1
70550,2006-08-07,1,091315561,1
70550,2006-08-07,1,091318870,1
70550,2006-08-07,1,091320558,1
70550,2006-08-07,1,091336278,1
70550,2006-08-07,1,091344771,1
70550,2006-08-07,1,091346622,0.2
70550,2006-08-07,1,091356306,0.2
70550,2006-08-07,1,091356534,1
70550,2006-08-07,1,091357564,0.2
70550,2006-08-07,1,091515292,0
70550,2006-08-07,1,091529336,0
70550,2006-08-07,1,091530379,1
70550,2006-08-07,1,091571769,1
70550,2006-08-07,1,091572056,0
70550,2006-08-07,1,091573095,1
70550,2006-08-07,1,091575537,1
70550,2006-08-07,1,091582279,0.2
70550,2006-08-07,1,091582868,0.4
70550,2006-08-07,1,091601297,0
70550,2006-08-07,1,118001058990,1
70550,2006-08-07,1,900118001060333,1
70550,2013-07-16,1,900118001028456,0
70550,2013-07-16,1,900118001029814,0
70550,2013-07-16,1,900118001030025,0
70550,2013-07-16,1,900118001030063,0
70550,2013-07-16,1,900118001030093,0
70550,2013-07-16,1,900118001030163,0
70550,2013-07-16,1,900118001030750,0
70550,2013-07-16,1,900118001031196,0
70550,2013-07-16,1,900118001031343,0
70550,2013-07-16,1,900118001031348,1
70550,2013-07-16,1,900118001031752,0
70550,2013-07-16,1,900118001057579,0
70550,2013-07-16,1,900118001057905,1
70550,2013-07-16,1,900118001058841,1
70550,2013-07-16,1,900118001058870,1
70550,2013-07-16,1,900118001059003,0
70550,2013-07-16,1,900118001059949,0
70550,2013-07-16,1,900118001065754,0
70550,2013-07-16,1,900118001067329,0
70550,2013-07-16,1,985121013702904,1
70556,2018-08-16,1,900043000144415,1
70556,2018-08-16,1,900043000144416,1
70556,2018-08-16,1,900043000144426,1
70556,2018-08-16,1,900043000144427,1
70556,2018-08-16,1,900043000144446,1
70556,2018-08-16,1,900043000144447,1
70556,2018-08-16,1,900043000144463,1
70556,2018-08-16,1,900043000144465,0
70556,2018-08-16,1,900043000144471,1
70556,2018-08-16,1,900043000144480,0
70556,2018-08-16,1,900043000144482,1
70556,2018-08-16,1,900067000117311,1
70556,2018-08-16,1,900067000117332,1
70556,2018-08-16,1,900067000117357,0
70556,2018-08-16,1,900067000117359,1
70556,2018-08-16,1,900067000117392,1
70556,2018-08-16,1,900067000117401,1
70556,2018-08-16,1,900067000117402,0
70556,2018-08-16,1,900067000117408,1
70556,2018-08-16,1,900067000117422,0
70556,2018-08-16,1,900067000117424,0
70556,2018-08-16,1,900067000117430,0
70556,2018-08-16,1,900067000117431,1
70556,2018-08-16,1,900067000117435,1
70556,2018-08-16,1,900067000117447,0
70556,2018-08-16,1,900067000117454,1
70556,2018-08-16,1,900067000117460,1
70556,2018-08-16,1,900067000117463,1
70556,2018-08-16,1,900067000117464,1
70556,2018-08-16,1,900067000117473,1
70556,2020-07-09,1,900043000144407,1
70556,2020-07-09,1,900043000144411,1
70556,2020-07-09,1,900043000144430,0
70556,2020-07-09,1,900043000144451,1
70556,2020-07-09,1,900043000144466,0
70556,2020-07-09,1,900043000144468,0
70556,2020-07-09,1,900043000144487,1
70556,2020-07-09,1,900043000144670,1
70556,2020-07-09,1,900067000116989,1
70556,2020-07-09,1,900067000117058,1
70556,2020-07-09,1,900067000117096,1
70556,2020-07-09,1,900067000117103,1
70556,2020-07-09,1,900067000117120,0
70556,2020-07-09,1,900067000117134,1
70556,2020-07-09,1,900067000117135,1
70556,2020-07-09,1,900067000117159,1
70556,2020-07-09,1,900067000117219,0
70556,2020-07-09,1,900067000117361,1
70619,2008-07-15,1,985121011981122,0
70619,2008-07-15,1,985121011986696,0
70619,2008-07-15,1,985121011988199,0
70619,2008-07-15,1,985121011991157,0
70619,2008-07-15,1,985121012023060,0
70619,2008-07-15,1,985121012023067,0
70619,2008-07-15,1,985121012024185,1
70619,2008-07-15,1,985121012024211,0
70619,2008-07-15,1,985121012024601,1
70619,2008-07-15,1,985121012025837,1
70619,2008-07-15,1,985121012026041,0
70619,2008-07-15,1,985121012027480,0
70619,2008-07-15,1,985121012027520,0
70619,2008-07-15,1,985121012027625,0
70619,2008-07-15,1,985121012028461,0
70619,2008-07-15,1,985121012028793,0
70619,2008-07-15,1,985121012029320,0
70619,2008-07-15,1,985121012029588,0
70619,2008-07-15,1,985121012029728,0
70619,2008-07-15,1,985121012030900,0.5
70619,2008-07-15,1,985121012031389,0.5
70619,2008-07-15,1,985121012033178,0
70619,2008-07-15,1,985121012052049,0
70619,2008-07-15,1,985121012056454,0
70619,2008-07-15,1,985121013699370,0
70619,2008-07-15,1,985121013700755,0
70619,2008-07-15,1,985121013701012,0
70619,2008-07-15,1,985121013702881,0.5
70619,2008-07-15,1,985121013704817,0
70619,2008-07-15,1,985121013705102,1
70619,2008-07-15,1,985121013706912,0
70619,2008-07-15,1,985121013709017,0
70619,2008-07-15,1,985121013711374,1
70619,2008-07-15,1,985121013713217,0
70619,2008-07-15,1,985121013713747,0
70619,2008-07-15,1,985121013715395,0
70628,2020-08-05,1,982126058790465,1
70628,2020-08-05,1,982126058790469,0.5
70628,2020-08-05,1,982126058790481,1
70628,2020-08-05,1,982126058790483,0.5
70628,2020-08-05,1,982126058790484,1
70628,2020-08-05,1,982126058790488,0.5
70628,2020-08-05,1,982126058790494,1
70628,2020-08-05,1,982126058790496,1
70628,2020-08-05,1,982126058790508,0
70628,2020-08-05,1,982126058790510,1
70628,2020-08-05,1,982126058790511,1
70628,2020-08-05,1,982126058790524,1
70628,2020-08-05,1,982126058790527,1
70628,2020-08-05,1,982126058790538,0.5
70628,2020-08-05,1,982126058790545,0
70628,2020-08-05,1,982126058790549,0
70628,2020-08-05,1,982126058790554,0
70628,2020-08-05,1,982126058790557,0
70628,2020-08-05,1,982126058790578,0
70628,2020-08-05,1,982126058790597,0.5
70628,2020-08-05,1,982126058790601,0
70628,2020-08-05,1,982126058790610,0
70628,2020-08-05,1,982126058790613,1
70628,2020-08-05,1,982126058790614,0
70628,2020-08-05,1,982126058790615,0.5
70628,2020-08-05,1,982126058790617,1
70628,2020-08-05,1,982126058790618,1
70628,2020-08-05,1,982126058790626,1
70628,2020-08-05,1,982126058790634,0
70628,2020-08-05,1,982126058790639,1
70641,2015-08-12,1,900043000104460,0
70641,2015-08-12,1,900043000104497,0
70641,2015-08-12,1,900067000063902,0
70641,2015-08-12,1,900067000063903,0
70641,2015-08-12,1,900067000063904,0
70641,2015-08-12,1,900067000063905,0
70641,2015-08-12,1,900067000063906,0
70641,2015-08-12,1,900067000063907,0
70641,2015-08-12,1,900067000063910,0
70641,2015-08-12,1,900067000063911,0
70641,2015-08-12,1,900067000063912,0
70641,2015-08-12,1,900067000063913,0
70641,2015-08-12,1,900067000063914,0
70641,2015-08-12,1,900067000063915,0
70641,2015-08-12,1,900067000063917,0
70641,2015-08-12,1,900067000063918,0
70641,2015-08-12,1,900067000063919,0
70641,2015-08-12,1,900067000063920,0
70641,2015-08-12,1,900067000063921,0
70641,2015-08-12,1,900067000063922,0
70641,2015-08-12,1,900067000063924,0
70641,2015-08-12,1,900067000063925,0
70641,2015-08-12,1,900067000063926,1
70641,2015-08-12,1,900067000063928,1
70641,2015-08-12,1,900067000063929,1
70641,2015-08-12,1,900067000063930,0
70641,2015-08-12,1,900067000063931,0
70641,2015-08-12,1,900067000063932,0
70641,2015-08-12,1,900067000063933,0
70641,2015-08-12,1,900067000063935,0
70641,2015-08-12,1,900067000063936,1
70641,2015-08-12,1,900067000063937,0
70641,2015-08-12,1,900067000063938,0
70641,2015-08-12,1,900067000063939,0
70641,2015-08-12,1,900067000063940,0
70641,2015-08-12,1,900067000063941,0
70641,2015-08-12,1,900067000063942,0
70641,2015-08-12,1,900067000063943,0
70641,2015-08-12,1,900067000063944,0
70641,2015-08-12,1,900067000063945,0
70641,2015-08-12,1,900067000063946,0
70641,2015-08-12,1,900067000063947,1
70641,2015-08-12,1,900067000063948,0
70641,2015-08-12,1,900067000063949,0
70641,2015-08-12,1,900067000063950,0
70641,2015-08-12,1,900067000063951,0
70641,2015-08-12,1,900067000063952,0
70641,2015-08-12,1,900067000063953,0
70641,2015-08-12,1,900067000063954,0
70641,2015-08-12,1,900067000063956,0
70641,2015-08-12,1,900067000063957,1
70641,2015-08-12,1,900067000063958,0
70641,2015-08-12,1,900067000063959,1
70641,2015-08-12,1,900067000063961,0
70641,2015-08-12,1,900067000063962,1
70641,2015-08-12,1,900067000063963,0
70641,2015-08-12,1,900067000063966,0
70641,2015-08-12,1,900067000063968,0
70641,2015-08-12,1,900067000063969,0
70641,2015-08-12,1,900067000063970,0
70641,2015-08-12,1,900067000063971,0
70641,2015-08-12,1,900067000063972,0
70641,2015-08-12,1,900067000063974,0
70641,2015-08-12,1,900067000063975,0
70641,2015-08-12,1,900067000063977,0
70641,2015-08-12,1,900067000063978,0
70641,2015-08-12,1,900067000063979,0
70641,2015-08-12,1,900067000063980,0
70641,2015-08-12,1,900067000063981,0
70641,2015-08-12,1,900067000063982,0
70641,2015-08-12,1,900067000063983,0
70641,2015-08-12,1,900067000063985,1
70641,2015-08-12,1,900067000063986,0
70641,2015-08-12,1,900067000063987,0
70641,2015-08-12,1,900067000063988,0
70641,2015-08-12,1,900067000063993,0
70641,2015-08-12,1,900067000063995,0
70641,2015-08-12,1,900067000063996,0
70641,2015-08-12,1,900067000063997,0
70641,2015-08-12,1,900067000064000,0
70641,2015-08-12,1,900067000114499,1
70641,2015-08-12,1,982000365440172,0
70641,2015-08-12,1,982000365440186,1
70641,2015-08-12,1,982000365440187,0
70641,2015-08-12,1,982000365440196,0
70641,2015-08-12,1,982000365440197,0
70641,2015-08-12,1,982000365440205,1
70641,2015-08-12,1,982000365440211,0
70641,2015-08-12,1,982000365440245,0
70641,2015-08-12,1,982000365440260,0
70641,2015-08-12,1,982000365440269,1
70641,2015-08-12,1,982000365440278,0
70641,2015-08-12,1,982000365440280,0
70641,2015-08-12,1,982000365440285,0
70641,2015-08-12,1,982000365440287,0
70641,2015-08-12,1,982000365440332,0
70641,2015-08-12,1,982000365440336,1
70641,2015-08-12,1,982000365440349,0
70641,2015-08-12,1,982000365440352,0
70641,2017-08-09,1,900067000116883,1
70641,2017-08-09,1,900067000116890,0
70641,2017-08-09,1,900067000116898,0
70641,2017-08-09,1,900067000116914,0
70641,2017-08-09,1,900067000116917,0
70641,2017-08-09,1,900067000116921,0
70641,2017-08-09,1,900067000116952,0
70641,2017-08-09,1,900067000116955,0
70641,2017-08-09,1,900067000116969,0
70641,2017-08-09,1,900067000117381,1
70641,2017-08-09,1,900067000117388,0
70641,2017-08-09,1,900067000117395,0
70641,2017-08-09,1,900067000117396,0
70641,2017-08-09,1,900067000117398,0
70641,2017-08-09,1,900067000117409,0
70641,2017-08-09,1,900067000117410,0
70641,2017-08-09,1,900067000117414,0
70641,2017-08-09,1,900067000117415,0
70641,2017-08-09,1,900067000117419,0
70641,2017-08-09,1,900067000117425,0
70641,2017-08-09,1,900067000117427,0
70641,2017-08-09,1,900067000117428,0
70641,2017-08-09,1,900067000117429,0
70641,2017-08-09,1,900067000117436,0
70641,2017-08-09,1,900067000117437,0
70641,2017-08-09,1,900067000117440,0
70641,2017-08-09,1,900067000117442,0
70641,2017-08-09,1,900067000117443,0
70641,2017-08-09,1,900067000117479,0
70641,2020-08-05,1,982126058790358,0
70641,2020-08-05,1,982126058790368,0
70641,2020-08-05,1,982126058790370,0
70641,2020-08-05,1,982126058790394,0
70641,2020-08-05,1,982126058790460,0
70641,2020-08-05,1,982126058790461,0
70641,2020-08-05,1,982126058790464,0
70641,2020-08-05,1,982126058790467,0
70641,2020-08-05,1,982126058790470,0
70641,2020-08-05,1,982126058790473,0
70641,2020-08-05,1,982126058790475,0
70641,2020-08-05,1,982126058790479,0
70641,2020-08-05,1,982126058790482,0.6
70641,2020-08-05,1,982126058790492,0
70641,2020-08-05,1,982126058790493,0
70641,2020-08-05,1,982126058790495,0
70641,2020-08-05,1,982126058790498,0
70641,2020-08-05,1,982126058790501,0
70641,2020-08-05,1,982126058790503,0
70641,2020-08-05,1,982126058790512,0
70641,2020-08-05,1,982126058790517,0
70641,2020-08-05,1,982126058790521,0
70641,2020-08-05,1,982126058790522,0
70641,2020-08-05,1,982126058790531,0
70641,2020-08-05,1,982126058790535,0
70641,2020-08-05,1,982126058790537,0
70641,2020-08-05,1,982126058790540,0
70641,2020-08-05,1,982126058790542,0
70641,2020-08-05,1,982126058790556,0
70641,2020-08-05,1,982126058790630,0
74976,2018-07-18,1,900067000117285,1
74976,2018-07-18,1,900067000117350,1
74976,2018-07-18,1,900067000117385,0
74976,2018-07-18,1,900067000117389,1
74976,2018-07-18,1,900067000117393,1
74976,2018-07-18,1,900067000117396,1
74976,2018-07-18,1,900067000117399,1
74976,2018-07-18,1,900067000117405,1
74976,2018-07-18,1,900067000117407,1
74976,2018-07-18,1,900067000117420,1
74976,2018-07-18,1,900067000117433,1
74976,2018-07-18,1,900067000117439,1
74976,2018-07-18,1,900067000117445,1
74976,2018-07-18,1,900067000117451,1
74976,2018-07-18,1,900067000117467,1
74976,2018-07-18,1,900067000117469,1
74976,2018-07-18,1,900067000117470,1
74976,2018-07-18,1,900067000117477,1
74976,2020-07-06,1,900043000144021,0
74976,2020-07-06,1,900043000144422,1
74976,2020-07-06,1,900043000144473,1
74976,2020-07-06,1,900043000144475,1
74976,2020-07-06,1,900043000144484,1
74976,2020-07-06,1,900043000144831,1
74976,2020-07-06,1,900067000116982,1
74976,2020-07-06,1,900067000116985,0.5
74976,2020-07-06,1,900067000117027,1
74976,2020-07-06,1,900067000117043,0
74976,2020-07-06,1,900067000117080,1
74976,2020-07-06,1,900067000117102,0
74976,2020-07-06,1,900067000117113,0
74976,2020-07-06,1,900067000117123,0.5
74976,2020-07-06,1,900067000117130,1
74976,2020-07-06,1,900067000117157,1
74976,2020-07-06,1,900067000117176,0.5
74976,2020-07-06,1,900067000117177,0
