relocate_id,release_siteid1,release_date,collect_siteid,type,pit_tag_ref,sex,length,weight,swab_id,bd_load
50dd3d69-8c7c-4504-82f7-a5c99e278b9d,70134,2006-08-08,72996,translocation,091603798,m,48,11,RKS3826,43584
50dd3d69-8c7c-4504-82f7-a5c99e278b9d,70134,2006-08-08,72996,translocation,090852530,m,49,12,RKS3739,26016
50dd3d69-8c7c-4504-82f7-a5c99e278b9d,70134,2006-08-08,72996,translocation,091593803,f,54,15,RKS4182,528
50dd3d69-8c7c-4504-82f7-a5c99e278b9d,70134,2006-08-08,72996,translocation,091525022,f,56,17,RKS4181,1344.0000000000002
50dd3d69-8c7c-4504-82f7-a5c99e278b9d,70134,2006-08-08,72996,translocation,080050269,m,48,10,RKS4180,0
50dd3d69-8c7c-4504-82f7-a5c99e278b9d,70134,2006-08-08,72996,translocation,080054113,m,50,14,RKS4172,0
50dd3d69-8c7c-4504-82f7-a5c99e278b9d,70134,2006-08-08,72996,translocation,091557864,f,48,11,RKS4164,432
50dd3d69-8c7c-4504-82f7-a5c99e278b9d,70134,2006-08-08,72996,translocation,091585885,f,54,15,RKS4157,0
50dd3d69-8c7c-4504-82f7-a5c99e278b9d,70134,2006-08-08,72996,translocation,091567092,f,51,12,RKS4156,144
50dd3d69-8c7c-4504-82f7-a5c99e278b9d,70134,2006-08-08,72996,translocation,080048850,f,50,14,RKS3835,26687.999999999996
50dd3d69-8c7c-4504-82f7-a5c99e278b9d,70134,2006-08-08,72996,translocation,091024289,f,51,14,RKS3834,11184
50dd3d69-8c7c-4504-82f7-a5c99e278b9d,70134,2006-08-08,72996,translocation,091529283,f,58,18,RKS3833,1200
50dd3d69-8c7c-4504-82f7-a5c99e278b9d,70134,2006-08-08,72996,translocation,091592591,m,48,10,RKS3832,0
50dd3d69-8c7c-4504-82f7-a5c99e278b9d,70134,2006-08-08,72996,translocation,091558058,f,51,12,RKS3831,33264
50dd3d69-8c7c-4504-82f7-a5c99e278b9d,70134,2006-08-08,72996,translocation,091382828,f,47,11,RKS3830,16176
50dd3d69-8c7c-4504-82f7-a5c99e278b9d,70134,2006-08-08,72996,translocation,091034029,f,54,14,RKS3829,22752
50dd3d69-8c7c-4504-82f7-a5c99e278b9d,70134,2006-08-08,72996,translocation,091523602,m,51,11,RKS3828,484272
50dd3d69-8c7c-4504-82f7-a5c99e278b9d,70134,2006-08-08,72996,translocation,091602591,m,48,12,RKS3827,0
50dd3d69-8c7c-4504-82f7-a5c99e278b9d,70134,2006-08-08,72996,translocation,091528519,m,56,19,RKS3746,4944
50dd3d69-8c7c-4504-82f7-a5c99e278b9d,70134,2006-08-08,72996,translocation,091581524,f,53,17,RKS3745,0
50dd3d69-8c7c-4504-82f7-a5c99e278b9d,70134,2006-08-08,72996,translocation,091007632,m,52,12,RKS3744,48
50dd3d69-8c7c-4504-82f7-a5c99e278b9d,70134,2006-08-08,72996,translocation,091536862,m,49,10,RKS3743,16224
50dd3d69-8c7c-4504-82f7-a5c99e278b9d,70134,2006-08-08,72996,translocation,091024307,f,52,14,RKS3742,6000
50dd3d69-8c7c-4504-82f7-a5c99e278b9d,70134,2006-08-08,72996,translocation,091059098,f,49,10,RKS3740,2352
50dd3d69-8c7c-4504-82f7-a5c99e278b9d,70134,2006-08-08,72996,translocation,090894361,m,51,16,RKS3824,0
50dd3d69-8c7c-4504-82f7-a5c99e278b9d,70134,2006-08-08,72996,translocation,091104058,f,47,9,RKS3725,3648
50dd3d69-8c7c-4504-82f7-a5c99e278b9d,70134,2006-08-08,72996,translocation,091124286,f,56,15,RKS3726,37296
50dd3d69-8c7c-4504-82f7-a5c99e278b9d,70134,2006-08-08,72996,translocation,091516832,m,48,9,RKS3727,912
50dd3d69-8c7c-4504-82f7-a5c99e278b9d,70134,2006-08-08,72996,translocation,080051294,f,56,18,RKS3728,0
50dd3d69-8c7c-4504-82f7-a5c99e278b9d,70134,2006-08-08,72996,translocation,090867313,m,49,12,RKS3729,32640
50dd3d69-8c7c-4504-82f7-a5c99e278b9d,70134,2006-08-08,72996,translocation,091067532,m,50,12,RKS3730,44016
50dd3d69-8c7c-4504-82f7-a5c99e278b9d,70134,2006-08-08,72996,translocation,091106639,f,54,14,RKS3731,16608
50dd3d69-8c7c-4504-82f7-a5c99e278b9d,70134,2006-08-08,72996,translocation,080055046,m,54,13,RKS3732,393072
50dd3d69-8c7c-4504-82f7-a5c99e278b9d,70134,2006-08-08,72996,translocation,080058318,m,45,7,RKS3733,0
50dd3d69-8c7c-4504-82f7-a5c99e278b9d,70134,2006-08-08,72996,translocation,091022607,f,55,15,RKS3734,18816
50dd3d69-8c7c-4504-82f7-a5c99e278b9d,70134,2006-08-08,72996,translocation,090876364,f,54,14,RKS3735,0
50dd3d69-8c7c-4504-82f7-a5c99e278b9d,70134,2006-08-08,72996,translocation,091530312,m,54,16,RKS3736,72768
50dd3d69-8c7c-4504-82f7-a5c99e278b9d,70134,2006-08-08,72996,translocation,091058003,m,46,9,RKS3737,7296
50dd3d69-8c7c-4504-82f7-a5c99e278b9d,70134,2006-08-08,72996,translocation,091572817,m,52,15,RKS3738,8496
50dd3d69-8c7c-4504-82f7-a5c99e278b9d,70134,2006-08-08,72996,translocation,091358025,f,51,12,RKS3825,144
46ed751b-f0de-45f9-b71d-3febcac6e5fa,70279,2013-07-15,70567,translocation,900118001059382,m,50,15,RKS16396,0
46ed751b-f0de-45f9-b71d-3febcac6e5fa,70279,2013-07-15,70567,translocation,900118001030336,f,57,20,RKS16397,672.0000000000001
46ed751b-f0de-45f9-b71d-3febcac6e5fa,70279,2013-07-15,70567,translocation,900118001057650,f,64,38,RKS16398,4944
46ed751b-f0de-45f9-b71d-3febcac6e5fa,70279,2013-07-15,70567,translocation,985121019071757,f,59,22,RKS16399,0
46ed751b-f0de-45f9-b71d-3febcac6e5fa,70279,2013-07-15,70567,translocation,900118001029608,f,53,18,RKS16400,0
470afc3f-98fc-484a-979a-53d4d21b7375,70279,2015-07-15,70567,translocation,982000365440276,m,59,19,RKS18251,55909.44
46ed751b-f0de-45f9-b71d-3febcac6e5fa,70279,2013-07-15,70567,translocation,900118001028253,m,52,16,RKS16407,192
470afc3f-98fc-484a-979a-53d4d21b7375,70279,2015-07-15,70567,translocation,982000365440300,m,51,16,RKS18213,4934.4
470afc3f-98fc-484a-979a-53d4d21b7375,70279,2015-07-15,70567,translocation,982000365440253,f,50,12,RKS18214,176.16
470afc3f-98fc-484a-979a-53d4d21b7375,70279,2015-07-15,70567,translocation,982000365440361,f,59,23,RKS18420,96704.16
470afc3f-98fc-484a-979a-53d4d21b7375,70279,2015-07-15,70567,translocation,982000365440213,f,61,25,RKS18421,6609.12
470afc3f-98fc-484a-979a-53d4d21b7375,70279,2015-07-15,70567,translocation,900043000104441,f,59,25,RKS18422,21652.8
46ed751b-f0de-45f9-b71d-3febcac6e5fa,70279,2013-07-15,70567,translocation,900118001029717,f,54,18,RKS16389,7920
46ed751b-f0de-45f9-b71d-3febcac6e5fa,70279,2013-07-15,70567,translocation,900118001059017,f,55,22,RKS16401,288
46ed751b-f0de-45f9-b71d-3febcac6e5fa,70279,2013-07-15,70567,translocation,900118001064566,f,59,23,RKS16390,96
470afc3f-98fc-484a-979a-53d4d21b7375,70279,2015-07-15,70567,translocation,982000365440327,m,55,19,RKS18426,1856.16
46ed751b-f0de-45f9-b71d-3febcac6e5fa,70279,2013-07-15,70567,translocation,900118001030450,f,54,18,RKS16391,1152
46ed751b-f0de-45f9-b71d-3febcac6e5fa,70279,2013-07-15,70567,translocation,900118001057556,f,55,22,RKS16402,0
470afc3f-98fc-484a-979a-53d4d21b7375,70279,2015-07-15,70567,translocation,900043000104444,f,48,12,RKS18429,0
46ed751b-f0de-45f9-b71d-3febcac6e5fa,70279,2013-07-15,70567,translocation,900118001057684,m,60,24,RKS16403,3744
46ed751b-f0de-45f9-b71d-3febcac6e5fa,70279,2013-07-15,70567,translocation,900118001058357,m,60,24,RKS16404,1584
470afc3f-98fc-484a-979a-53d4d21b7375,70279,2015-07-15,70567,translocation,982000365440320,m,55,19,RKS18246,5211.36
470afc3f-98fc-484a-979a-53d4d21b7375,70279,2015-07-15,70567,translocation,982000365440268,f,60,23,RKS18247,74002.08
470afc3f-98fc-484a-979a-53d4d21b7375,70279,2015-07-15,70567,translocation,982000365440174,f,58,22,RKS18248,3476.64
46ed751b-f0de-45f9-b71d-3febcac6e5fa,70279,2013-07-15,70567,translocation,900118001029179,m,55,23,RKS16405,6912
46ed751b-f0de-45f9-b71d-3febcac6e5fa,70279,2013-07-15,70567,translocation,900118001027825,m,50,14,RKS16406,0
46ed751b-f0de-45f9-b71d-3febcac6e5fa,70279,2013-07-15,70567,translocation,900118001030621,f,61,29,RKS16388,0
46ed751b-f0de-45f9-b71d-3febcac6e5fa,70279,2013-07-15,70567,translocation,900118001029064,f,65,33,RKS16392,48
46ed751b-f0de-45f9-b71d-3febcac6e5fa,70279,2013-07-15,70567,translocation,900118001027732,m,58,20,RKS16393,1296
46ed751b-f0de-45f9-b71d-3febcac6e5fa,70279,2013-07-15,70567,translocation,900118001058076,m,53,20,RKS16394,4704
46ed751b-f0de-45f9-b71d-3febcac6e5fa,70279,2013-07-15,70567,translocation,900118001029880,f,57,20,RKS16395,0
d1a89e97-d7af-447a-9e05-b24f93823725,70370,2016-07-30,72996,translocation,900067000114160,f,45,10,RKS22061,77860.6
d1a89e97-d7af-447a-9e05-b24f93823725,70370,2016-07-30,72996,translocation,900067000114117,m,51,13,RKS22060,109501.68
d1a89e97-d7af-447a-9e05-b24f93823725,70370,2016-07-30,72996,translocation,900067000114084,m,48,11,RKS22059,573.552
d1a89e97-d7af-447a-9e05-b24f93823725,70370,2016-07-30,72996,translocation,900067000114087,f,46,11,RKS22058,27655.384
d1a89e97-d7af-447a-9e05-b24f93823725,70370,2016-07-30,72996,translocation,900067000114165,f,47,12,RKS22057,270304.528
d1a89e97-d7af-447a-9e05-b24f93823725,70370,2016-07-30,72996,translocation,900067000114172,m,45,10,RKS22056,248530.624
d1a89e97-d7af-447a-9e05-b24f93823725,70370,2016-07-30,72996,translocation,900067000114163,m,47,11,RKS22055,58833.28
d1a89e97-d7af-447a-9e05-b24f93823725,70370,2016-07-30,72996,translocation,900067000114090,m,45,10,RKS22054,29326.328
d1a89e97-d7af-447a-9e05-b24f93823725,70370,2016-07-30,72996,translocation,900067000114135,m,50,13,RKS22053,7044.464
d1a89e97-d7af-447a-9e05-b24f93823725,70370,2016-07-30,72996,translocation,900067000114088,m,49,11,RKS22052,1129.568
4bd2f40f-d4c7-4c02-9959-7b97b85e2374,70370,2016-07-27,74335,translocation,900067000114116,f,50,15,RKS22051,0
4bd2f40f-d4c7-4c02-9959-7b97b85e2374,70370,2016-07-27,74335,translocation,900067000114175,m,57,23,RKS22050,1922.552
4bd2f40f-d4c7-4c02-9959-7b97b85e2374,70370,2016-07-27,74335,translocation,900067000114101,m,54,19,RKS22049,67332.2
4bd2f40f-d4c7-4c02-9959-7b97b85e2374,70370,2016-07-27,74335,translocation,900067000114146,f,59,27,RKS22048,18529.448
e37e5253-2e7d-4e9a-a519-8b136cd406e6,70370,2018-07-04,72996,translocation,900067000114100,f,49,10,RKS26323,179.464
e37e5253-2e7d-4e9a-a519-8b136cd406e6,70370,2018-07-04,72996,translocation,900067000117292,f,49,12,RKS26324,827.096
e37e5253-2e7d-4e9a-a519-8b136cd406e6,70370,2018-07-04,72996,translocation,900067000117647,m,47,10,RKS26325,153660.96
e37e5253-2e7d-4e9a-a519-8b136cd406e6,70370,2018-07-04,72996,translocation,900067000117648,f,48,12,RKS26326,11209.064
e37e5253-2e7d-4e9a-a519-8b136cd406e6,70370,2018-07-04,72996,translocation,900067000114122,m,46,11,RKS26327,979.064
d1a89e97-d7af-447a-9e05-b24f93823725,70370,2016-07-30,72996,translocation,900067000078245,m,49,10,RKS22096,0
e37e5253-2e7d-4e9a-a519-8b136cd406e6,70370,2018-07-04,72996,translocation,900067000117586,m,47,12,RKS26329,74629.024
d1a89e97-d7af-447a-9e05-b24f93823725,70370,2016-07-30,72996,translocation,900067000078261,f,48,13,RKS22102,0
e37e5253-2e7d-4e9a-a519-8b136cd406e6,70370,2018-07-04,72996,translocation,900067000114169,f,47,11,RKS26330,370.824
e37e5253-2e7d-4e9a-a519-8b136cd406e6,70370,2018-07-04,72996,translocation,900067000114129,m,47,11,RKS26331,1365.8
e37e5253-2e7d-4e9a-a519-8b136cd406e6,70370,2018-07-04,72996,translocation,900067000117322,m,45,9,RKS26332,472.64
e37e5253-2e7d-4e9a-a519-8b136cd406e6,70370,2018-07-04,72996,translocation,900067000117318,f,51,16,RKS26333,9016.376
e37e5253-2e7d-4e9a-a519-8b136cd406e6,70370,2018-07-04,72996,translocation,900067000117676,f,46,10,RKS26334,0
e37e5253-2e7d-4e9a-a519-8b136cd406e6,70370,2018-07-04,72996,translocation,900067000117634,m,44,9,RKS26335,451.264
e37e5253-2e7d-4e9a-a519-8b136cd406e6,70370,2018-07-04,72996,translocation,900067000117291,f,44,10,RKS26336,2125.792
e37e5253-2e7d-4e9a-a519-8b136cd406e6,70370,2018-07-04,72996,translocation,900067000117360,f,47,10,RKS26337,1162.592
e37e5253-2e7d-4e9a-a519-8b136cd406e6,70370,2018-07-04,72996,translocation,900067000117290,f,48,13,RKS26338,70712
e37e5253-2e7d-4e9a-a519-8b136cd406e6,70370,2018-07-04,72996,translocation,900067000117678,m,47,11,RKS26339,2404.64
e37e5253-2e7d-4e9a-a519-8b136cd406e6,70370,2018-07-04,72996,translocation,900067000117308,f,50,14,RKS26340,245.624
d1a89e97-d7af-447a-9e05-b24f93823725,70370,2016-07-30,72996,translocation,900067000114162,m,47,10,RKS22103,1053.632
d1a89e97-d7af-447a-9e05-b24f93823725,70370,2016-07-30,72996,translocation,900067000078390,m,47,10,RKS22104,1287.168
d1a89e97-d7af-447a-9e05-b24f93823725,70370,2016-07-30,72996,translocation,900067000078423,f,45,9,RKS22105,0
d1a89e97-d7af-447a-9e05-b24f93823725,70370,2016-07-30,72996,translocation,900067000078025,f,49,12,RKS22106,0
d1a89e97-d7af-447a-9e05-b24f93823725,70370,2016-07-30,72996,translocation,900067000114174,m,46,9,RKS22100,0
d1a89e97-d7af-447a-9e05-b24f93823725,70370,2016-07-30,72996,translocation,900067000078224,m,48,12,RKS22099,0
d1a89e97-d7af-447a-9e05-b24f93823725,70370,2016-07-30,72996,translocation,900067000078229,f,47,10,RKS22098,0
d1a89e97-d7af-447a-9e05-b24f93823725,70370,2016-07-30,72996,translocation,900067000114096,f,53,13,RKS22097,0
e37e5253-2e7d-4e9a-a519-8b136cd406e6,70370,2018-07-04,72996,translocation,900067000114095,m,48,12,RKS26328,2956.952
d1a89e97-d7af-447a-9e05-b24f93823725,70370,2016-07-30,72996,translocation,900043000108171,f,49,12,RKS22095,0
d1a89e97-d7af-447a-9e05-b24f93823725,70370,2016-07-30,72996,translocation,900067000078458,f,48,11,RKS22094,586.872
d1a89e97-d7af-447a-9e05-b24f93823725,70370,2016-07-30,72996,translocation,900067000078478,f,46,9,RKS22093,0
d1a89e97-d7af-447a-9e05-b24f93823725,70370,2016-07-30,72996,translocation,900067000078419,f,49,11,RKS22092,0
d1a89e97-d7af-447a-9e05-b24f93823725,70370,2016-07-30,72996,translocation,900067000078251,m,45,9,RKS22091,0
d1a89e97-d7af-447a-9e05-b24f93823725,70370,2016-07-30,72996,translocation,900067000078376,f,48,12,RKS22090,0
d1a89e97-d7af-447a-9e05-b24f93823725,70370,2016-07-30,72996,translocation,900067000078329,m,48,10,RKS22089,0
d1a89e97-d7af-447a-9e05-b24f93823725,70370,2016-07-30,72996,translocation,900067000078174,m,50,12,RKS22088,0
d1a89e97-d7af-447a-9e05-b24f93823725,70370,2016-07-30,72996,translocation,900067000078357,m,47,11,RKS22087,0
d1a89e97-d7af-447a-9e05-b24f93823725,70370,2016-07-30,72996,translocation,900067000078068,f,52,13,RKS22086,586.136
d1a89e97-d7af-447a-9e05-b24f93823725,70370,2016-07-30,72996,translocation,900067000078264,m,45,9,RKS22085,0
d1a89e97-d7af-447a-9e05-b24f93823725,70370,2016-07-30,72996,translocation,900067000078105,f,49,11,RKS22084,0
d1a89e97-d7af-447a-9e05-b24f93823725,70370,2016-07-30,72996,translocation,900067000078418,f,47,10,RKS22083,0
d1a89e97-d7af-447a-9e05-b24f93823725,70370,2016-07-30,72996,translocation,900067000078126,m,50,12,RKS22082,3031.256
d1a89e97-d7af-447a-9e05-b24f93823725,70370,2016-07-30,72996,translocation,900067000114141,f,45,11,RKS22081,61372.2
d1a89e97-d7af-447a-9e05-b24f93823725,70370,2016-07-30,72996,translocation,900067000114093,f,47,11,RKS22080,494780.928
d1a89e97-d7af-447a-9e05-b24f93823725,70370,2016-07-30,72996,translocation,900067000114170,f,53,16,RKS22079,12369.208
d1a89e97-d7af-447a-9e05-b24f93823725,70370,2016-07-30,72996,translocation,900067000114167,f,47,10,RKS22078,2345.344
d1a89e97-d7af-447a-9e05-b24f93823725,70370,2016-07-30,72996,translocation,900067000114140,f,47,10,RKS22077,260341.848
d1a89e97-d7af-447a-9e05-b24f93823725,70370,2016-07-30,72996,translocation,900067000114103,f,46,9,RKS22076,6259.96
d1a89e97-d7af-447a-9e05-b24f93823725,70370,2016-07-30,72996,translocation,900067000114131,f,46,10,RKS22075,1583217.968
d1a89e97-d7af-447a-9e05-b24f93823725,70370,2016-07-30,72996,translocation,900067000114149,f,45,11,RKS22074,42744.592
d1a89e97-d7af-447a-9e05-b24f93823725,70370,2016-07-30,72996,translocation,900067000114109,f,51,13,RKS22073,35257.912
d1a89e97-d7af-447a-9e05-b24f93823725,70370,2016-07-30,72996,translocation,900067000114124,m,46,11,RKS22072,115347.272
d1a89e97-d7af-447a-9e05-b24f93823725,70370,2016-07-30,72996,translocation,900067000114161,f,45,9,RKS22071,6817.408
d1a89e97-d7af-447a-9e05-b24f93823725,70370,2016-07-30,72996,translocation,900067000078279,f,49,11,RKS22101,0
d1a89e97-d7af-447a-9e05-b24f93823725,70370,2016-07-30,72996,translocation,900067000114082,m,48,12,RKS22070,236947.6
d1a89e97-d7af-447a-9e05-b24f93823725,70370,2016-07-30,72996,translocation,900067000114106,f,50,13,RKS22069,5043.528
d1a89e97-d7af-447a-9e05-b24f93823725,70370,2016-07-30,72996,translocation,900067000114091,f,53,12,RKS22068,18.144
d1a89e97-d7af-447a-9e05-b24f93823725,70370,2016-07-30,72996,translocation,900067000114111,f,48,11,RKS22062,68752.112
0163423a-ce4e-473b-9bbb-b304913ef461,70413,2013-07-15,70567,translocation,900118001029614,m,51,11,RKS16435,NA
0163423a-ce4e-473b-9bbb-b304913ef461,70413,2013-07-15,70567,translocation,900118001027943,f,61,22,RKS16408,3024
0163423a-ce4e-473b-9bbb-b304913ef461,70413,2013-07-15,70567,translocation,900118001028329,m,43,16,RKS16409,9552
0163423a-ce4e-473b-9bbb-b304913ef461,70413,2013-07-15,70567,translocation,900118001029981,f,52,15,RKS16410,28176
0163423a-ce4e-473b-9bbb-b304913ef461,70413,2013-07-15,70567,translocation,900118001058227,m,49,14,RKS16412,23568
0163423a-ce4e-473b-9bbb-b304913ef461,70413,2013-07-15,70567,translocation,900118001028945,f,54,20,RKS16413,59760
0163423a-ce4e-473b-9bbb-b304913ef461,70413,2013-07-15,70567,translocation,900118001030433,f,55,20,RKS16414,864
0163423a-ce4e-473b-9bbb-b304913ef461,70413,2013-07-15,70567,translocation,900118001029701,f,54,16,RKS16415,288
0163423a-ce4e-473b-9bbb-b304913ef461,70413,2013-07-15,70567,translocation,900118001030201,f,61,24,RKS16416,1536
4feec259-92f9-4840-9e20-7adaee3b7078,70413,2017-09-01,70567,translocation,900067000114046,f,59,22,RKS24953,14588.896
4feec259-92f9-4840-9e20-7adaee3b7078,70413,2017-09-01,70567,translocation,900067000116848,f,56,21,RKS24952,26608.664
4feec259-92f9-4840-9e20-7adaee3b7078,70413,2017-09-01,70567,translocation,900067000114585,f,59,24,RKS24951,561.464
4feec259-92f9-4840-9e20-7adaee3b7078,70413,2017-09-01,70567,translocation,900067000113992,m,52,15,RKS24950,1611.344
0163423a-ce4e-473b-9bbb-b304913ef461,70413,2013-07-15,70567,translocation,900118001030121,m,53,16,RKS16417,1008
0163423a-ce4e-473b-9bbb-b304913ef461,70413,2013-07-15,70567,translocation,900118001057993,f,59,24,RKS16428,NA
0163423a-ce4e-473b-9bbb-b304913ef461,70413,2013-07-15,70567,translocation,900118001029071,f,60,26,RKS16429,NA
0163423a-ce4e-473b-9bbb-b304913ef461,70413,2013-07-15,70567,translocation,900118001030233,m,49,12,RKS16430,NA
0163423a-ce4e-473b-9bbb-b304913ef461,70413,2013-07-15,70567,translocation,900118001028660,f,62,26,RKS16431,NA
0163423a-ce4e-473b-9bbb-b304913ef461,70413,2013-07-15,70567,translocation,900118001028708,m,60,24,RKS16432,NA
0163423a-ce4e-473b-9bbb-b304913ef461,70413,2013-07-15,70567,translocation,900118001029276,f,53,14,RKS16433,NA
0163423a-ce4e-473b-9bbb-b304913ef461,70413,2013-07-15,70567,translocation,900118001029743,f,55,19,RKS16434,NA
0163423a-ce4e-473b-9bbb-b304913ef461,70413,2013-07-15,70567,translocation,900118001030340,m,60,14,RKS16436,NA
04ba73b1-d8f7-4f3d-99ea-456240c33ffe,70413,2015-07-15,70567,translocation,982000365440275,f,60,27,RKS18215,30774.24
04ba73b1-d8f7-4f3d-99ea-456240c33ffe,70413,2015-07-15,70567,translocation,982000365440208,m,53,16,RKS18243,107.52
04ba73b1-d8f7-4f3d-99ea-456240c33ffe,70413,2015-07-15,70567,translocation,900043000108268,f,46,9,RKS18245,31668.48
04ba73b1-d8f7-4f3d-99ea-456240c33ffe,70413,2015-07-15,70567,translocation,982000365440190,f,57,22,RKS18249,279902.88
04ba73b1-d8f7-4f3d-99ea-456240c33ffe,70413,2015-07-15,70567,translocation,982000365440229,f,61,31,RKS18250,38094.24
04ba73b1-d8f7-4f3d-99ea-456240c33ffe,70413,2015-07-15,70567,translocation,982000365440357,f,63,28,RKS18295,206755.68
0163423a-ce4e-473b-9bbb-b304913ef461,70413,2013-07-15,70567,translocation,900118001027669,m,NA,NA,,NA
04ba73b1-d8f7-4f3d-99ea-456240c33ffe,70413,2015-07-15,70567,translocation,982000365440220,f,48,12,RKS18423,80506.08
04ba73b1-d8f7-4f3d-99ea-456240c33ffe,70413,2015-07-15,70567,translocation,982000365440193,f,64,29,RKS18424,7078.56
04ba73b1-d8f7-4f3d-99ea-456240c33ffe,70413,2015-07-15,70567,translocation,900118001057424,m,56,21,RKS18425,890.88
04ba73b1-d8f7-4f3d-99ea-456240c33ffe,70413,2015-07-15,70567,translocation,982000365440258,m,53,16,RKS18427,1079.04
04ba73b1-d8f7-4f3d-99ea-456240c33ffe,70413,2015-07-15,70567,translocation,900043000104408,m,48,12,RKS18428,264.48
4feec259-92f9-4840-9e20-7adaee3b7078,70413,2017-09-01,70567,translocation,900067000117426,f,41,8,RKS24967,4764.52
4feec259-92f9-4840-9e20-7adaee3b7078,70413,2017-09-01,70567,translocation,900067000117403,f,56,20,RKS24966,1961.816
4feec259-92f9-4840-9e20-7adaee3b7078,70413,2017-09-01,70567,translocation,900067000117434,m,53,18,RKS24965,417.904
4feec259-92f9-4840-9e20-7adaee3b7078,70413,2017-09-01,70567,translocation,900067000117468,f,57,22,RKS24964,32854.168
4feec259-92f9-4840-9e20-7adaee3b7078,70413,2017-09-01,70567,translocation,900067000117461,m,53,17,RKS24963,631.64
4feec259-92f9-4840-9e20-7adaee3b7078,70413,2017-09-01,70567,translocation,900067000117462,f,51,17,RKS24962,12089.624
4feec259-92f9-4840-9e20-7adaee3b7078,70413,2017-09-01,70567,translocation,900067000117413,m,51,20,RKS24961,156.856
4feec259-92f9-4840-9e20-7adaee3b7078,70413,2017-09-01,70567,translocation,900067000117383,f,57,21,RKS24960,350876
4feec259-92f9-4840-9e20-7adaee3b7078,70413,2017-09-01,70567,translocation,900067000117480,f,59,24,RKS24959,3261.32
4feec259-92f9-4840-9e20-7adaee3b7078,70413,2017-09-01,70567,translocation,900067000117455,m,56,19,RKS24958,0
4feec259-92f9-4840-9e20-7adaee3b7078,70413,2017-09-01,70567,translocation,900067000114297,m,47,16,RKS24957,1921.24
4feec259-92f9-4840-9e20-7adaee3b7078,70413,2017-09-01,70567,translocation,900067000114359,f,58,18,RKS24956,5023.664
4feec259-92f9-4840-9e20-7adaee3b7078,70413,2017-09-01,70567,translocation,900067000114645,m,49,13,RKS24955,725.128
4feec259-92f9-4840-9e20-7adaee3b7078,70413,2017-09-01,70567,translocation,900067000114727,f,55,22,RKS24954,1955.848
6ecd9b26-891f-4abb-ad87-a896ebaa12d9,70414,2006-07-18,72996,translocation,091029333,f,50,9,RKS3534,70416
6ecd9b26-891f-4abb-ad87-a896ebaa12d9,70414,2006-07-18,72996,translocation,091355322,f,49,10,RKS3533,7152
6ecd9b26-891f-4abb-ad87-a896ebaa12d9,70414,2006-07-18,72996,translocation,091057583,m,48,10,RKS3532,2160
6ecd9b26-891f-4abb-ad87-a896ebaa12d9,70414,2006-07-18,72996,translocation,092789121,m,48,10,RKS3531,2208
6ecd9b26-891f-4abb-ad87-a896ebaa12d9,70414,2006-07-18,72996,translocation,091015595,f,46,10,RKS3530,480
6ecd9b26-891f-4abb-ad87-a896ebaa12d9,70414,2006-07-18,72996,translocation,091106578,f,47,9,RKS3527,144
6ecd9b26-891f-4abb-ad87-a896ebaa12d9,70414,2006-07-18,72996,translocation,091554889,f,51,11,RKS3526,5376.000000000001
6ecd9b26-891f-4abb-ad87-a896ebaa12d9,70414,2006-07-18,72996,translocation,090887349,m,46,12,RKS3525,1488
6ecd9b26-891f-4abb-ad87-a896ebaa12d9,70414,2006-07-18,72996,translocation,091104806,f,50,11,RKS3524,11328
6ecd9b26-891f-4abb-ad87-a896ebaa12d9,70414,2006-07-18,72996,translocation,091552028,f,45,8,RKS3523,528
6ecd9b26-891f-4abb-ad87-a896ebaa12d9,70414,2006-07-18,72996,translocation,080054873,m,55,13,RKS3522,45744
6ecd9b26-891f-4abb-ad87-a896ebaa12d9,70414,2006-07-18,72996,translocation,091025053,m,45,10,RKS3521,2496
6ecd9b26-891f-4abb-ad87-a896ebaa12d9,70414,2006-07-18,72996,translocation,090893577,m,48,11,RKS3520,2784
6ecd9b26-891f-4abb-ad87-a896ebaa12d9,70414,2006-07-18,72996,translocation,091549862,m,47,8,RKS3571,7968
6ecd9b26-891f-4abb-ad87-a896ebaa12d9,70414,2006-07-18,72996,translocation,091582797,m,50,18,RKS3569,0
6ecd9b26-891f-4abb-ad87-a896ebaa12d9,70414,2006-07-18,72996,translocation,080053099,m,55,14,RKS3568,1392
6ecd9b26-891f-4abb-ad87-a896ebaa12d9,70414,2006-07-18,72996,translocation,091283821,m,51,11,RKS3567,6144
6ecd9b26-891f-4abb-ad87-a896ebaa12d9,70414,2006-07-18,72996,translocation,091522614,f,44,9,RKS3566,4752
6ecd9b26-891f-4abb-ad87-a896ebaa12d9,70414,2006-07-18,72996,translocation,091546090,m,52,11,RKS3565,0
6ecd9b26-891f-4abb-ad87-a896ebaa12d9,70414,2006-07-18,72996,translocation,091292290,m,48,10,RKS3564,240
6ecd9b26-891f-4abb-ad87-a896ebaa12d9,70414,2006-07-18,72996,translocation,091109549,f,50,13,RKS3563,6432
6ecd9b26-891f-4abb-ad87-a896ebaa12d9,70414,2006-07-18,72996,translocation,091028796,m,46,8,RKS3562,23040
6ecd9b26-891f-4abb-ad87-a896ebaa12d9,70414,2006-07-18,72996,translocation,090871274,m,47,11,RKS3561,13536
6ecd9b26-891f-4abb-ad87-a896ebaa12d9,70414,2006-07-18,72996,translocation,091576079,f,54,13,RKS3560,48575.99999999999
6ecd9b26-891f-4abb-ad87-a896ebaa12d9,70414,2006-07-18,72996,translocation,080058516,f,54,14,RKS3559,0
6ecd9b26-891f-4abb-ad87-a896ebaa12d9,70414,2006-07-18,72996,translocation,091114006,f,44,9,RKS3555,816.0000000000001
6ecd9b26-891f-4abb-ad87-a896ebaa12d9,70414,2006-07-18,72996,translocation,080050325,f,49,10,RKS3554,0
6ecd9b26-891f-4abb-ad87-a896ebaa12d9,70414,2006-07-18,72996,translocation,080055334,f,54,13,RKS3553,480
6ecd9b26-891f-4abb-ad87-a896ebaa12d9,70414,2006-07-18,72996,translocation,091592889,f,51,13,RKS3552,1152
6ecd9b26-891f-4abb-ad87-a896ebaa12d9,70414,2006-07-18,72996,translocation,091529011,m,48,12,RKS3551,3264.0000000000005
6ecd9b26-891f-4abb-ad87-a896ebaa12d9,70414,2006-07-18,72996,translocation,091556840,f,48,10,RKS3550,6432
6ecd9b26-891f-4abb-ad87-a896ebaa12d9,70414,2006-07-18,72996,translocation,091538610,m,46,8,RKS3549,960
6ecd9b26-891f-4abb-ad87-a896ebaa12d9,70414,2006-07-18,72996,translocation,080052849,m,54,16,RKS3548,39216
6ecd9b26-891f-4abb-ad87-a896ebaa12d9,70414,2006-07-18,72996,translocation,091110838,NA,NA,NA,,NA
6ecd9b26-891f-4abb-ad87-a896ebaa12d9,70414,2006-07-18,72996,translocation,091336372,f,52,12,RKS3547,96
6ecd9b26-891f-4abb-ad87-a896ebaa12d9,70414,2006-07-18,72996,translocation,091347614,f,59,16,RKS3546,11760
6ecd9b26-891f-4abb-ad87-a896ebaa12d9,70414,2006-07-18,72996,translocation,080058043,f,46,10,RKS3545,0
6ecd9b26-891f-4abb-ad87-a896ebaa12d9,70414,2006-07-18,72996,translocation,091025592,m,51,12,RKS3544,10704
6ecd9b26-891f-4abb-ad87-a896ebaa12d9,70414,2006-07-18,72996,translocation,091594065,m,52,12,RKS3543,576
6ecd9b26-891f-4abb-ad87-a896ebaa12d9,70414,2006-07-18,72996,translocation,091586097,f,53,13,RKS3542,10368
6ecd9b26-891f-4abb-ad87-a896ebaa12d9,70414,2006-07-18,72996,translocation,080055025,f,51,12,RKS3541,4464
6ecd9b26-891f-4abb-ad87-a896ebaa12d9,70414,2006-07-18,72996,translocation,080047783,m,50,10,RKS3540,3744
6ecd9b26-891f-4abb-ad87-a896ebaa12d9,70414,2006-07-18,72996,translocation,091513056,f,49,10,RKS3539,13968
6ecd9b26-891f-4abb-ad87-a896ebaa12d9,70414,2006-07-18,72996,translocation,091373305,f,54,13,RKS3538,0
6ecd9b26-891f-4abb-ad87-a896ebaa12d9,70414,2006-07-18,72996,translocation,091362526,f,48,10,RKS3537,0
6ecd9b26-891f-4abb-ad87-a896ebaa12d9,70414,2006-07-18,72996,translocation,091598801,f,49,12,RKS3536,0
6ecd9b26-891f-4abb-ad87-a896ebaa12d9,70414,2006-07-18,72996,translocation,091089263,m,56,13,RKS3535,5088
872106e9-719d-411a-84d9-3bb4c3d3f9d2,70449,2014-06-28,72996,translocation,900043000104574,f,48,11,RKS16791,0
18ff669d-1a5f-4fb0-a175-f1cea1306afc,70449,2014-06-28,72996,translocation,900118001029229,f,46,11,RKS16790,1344.0000000000002
872106e9-719d-411a-84d9-3bb4c3d3f9d2,70449,2014-06-28,72996,translocation,900043000104536,m,48,10,RKS16789,0
872106e9-719d-411a-84d9-3bb4c3d3f9d2,70449,2014-06-28,72996,translocation,900043000104540,m,46,10,RKS16788,0
1cc3635f-9895-4aed-8e42-595a429d09cb,70449,2017-08-09,72996,translocation,900067000117432,f,48,10,RKS24174,2361.592
1cc3635f-9895-4aed-8e42-595a429d09cb,70449,2017-08-09,72996,translocation,900067000117444,f,51,12,RKS24173,5135.688
1cc3635f-9895-4aed-8e42-595a429d09cb,70449,2017-08-09,72996,translocation,900067000117406,f,48,10,RKS24172,90621.84
1cc3635f-9895-4aed-8e42-595a429d09cb,70449,2017-08-09,72996,translocation,900067000117475,f,54,15,RKS24171,9597.528
1cc3635f-9895-4aed-8e42-595a429d09cb,70449,2017-08-09,72996,translocation,900067000117387,f,51,11,RKS24170,46472.312
1cc3635f-9895-4aed-8e42-595a429d09cb,70449,2017-08-09,72996,translocation,900067000117466,m,45,10,RKS24169,2565.128
1cc3635f-9895-4aed-8e42-595a429d09cb,70449,2017-08-09,72996,translocation,900067000117438,f,51,14,RKS24168,0
1cc3635f-9895-4aed-8e42-595a429d09cb,70449,2017-08-09,72996,translocation,900067000117411,f,49,12,RKS24167,2255.76
1cc3635f-9895-4aed-8e42-595a429d09cb,70449,2017-08-09,72996,translocation,900067000117478,m,49,11,RKS24166,10441.488
1cc3635f-9895-4aed-8e42-595a429d09cb,70449,2017-08-09,72996,translocation,900067000117465,f,54,16,RKS24165,98.256
1cc3635f-9895-4aed-8e42-595a429d09cb,70449,2017-08-09,72996,translocation,900067000117423,m,47,13,RKS24164,59196.32
1cc3635f-9895-4aed-8e42-595a429d09cb,70449,2017-08-09,72996,translocation,900067000117446,f,45,9,RKS24163,535.64
1cc3635f-9895-4aed-8e42-595a429d09cb,70449,2017-08-09,72996,translocation,900067000117471,m,48,9,RKS24162,114414.88
1cc3635f-9895-4aed-8e42-595a429d09cb,70449,2017-08-09,72996,translocation,900067000117441,m,48,9,RKS24161,110315.6
1cc3635f-9895-4aed-8e42-595a429d09cb,70449,2017-08-09,72996,translocation,900067000117449,f,47,11,RKS24160,42798.624
1cc3635f-9895-4aed-8e42-595a429d09cb,70449,2017-08-09,72996,translocation,900067000117459,m,50,14,RKS24159,24225.736
290b79f5-38b4-466d-bff5-5e1d4109124d,70449,2014-06-28,72996,translocation,900043000104562,f,43,9,RKS16972,61056
290b79f5-38b4-466d-bff5-5e1d4109124d,70449,2014-06-28,72996,translocation,900043000104524,f,44,10,RKS16971,31295.999999999996
290b79f5-38b4-466d-bff5-5e1d4109124d,70449,2014-06-28,72996,translocation,900043000104516,f,44,10,RKS16970,384
290b79f5-38b4-466d-bff5-5e1d4109124d,70449,2014-06-28,72996,translocation,900043000104539,f,51,12,RKS16969,8304
290b79f5-38b4-466d-bff5-5e1d4109124d,70449,2014-06-28,72996,translocation,900043000104568,f,49,10,RKS16967,32736
290b79f5-38b4-466d-bff5-5e1d4109124d,70449,2014-06-28,72996,translocation,900043000104546,f,45,10,RKS16966,23472
290b79f5-38b4-466d-bff5-5e1d4109124d,70449,2014-06-28,72996,translocation,900043000104579,m,50,11,RKS16965,22560
290b79f5-38b4-466d-bff5-5e1d4109124d,70449,2014-06-28,72996,translocation,900043000104532,f,49,12,RKS16963,10992
290b79f5-38b4-466d-bff5-5e1d4109124d,70449,2014-06-28,72996,translocation,900043000104521,m,46,10,RKS16962,18336
290b79f5-38b4-466d-bff5-5e1d4109124d,70449,2014-06-28,72996,translocation,900043000104510,f,44,9,RKS16961,48
290b79f5-38b4-466d-bff5-5e1d4109124d,70449,2014-06-28,72996,translocation,900043000104553,f,44,8,RKS16960,1344.0000000000002
290b79f5-38b4-466d-bff5-5e1d4109124d,70449,2014-06-28,72996,translocation,900043000104526,m,48,11,RKS16959,5184
290b79f5-38b4-466d-bff5-5e1d4109124d,70449,2014-06-28,72996,translocation,900043000104589,f,46,9,RKS16957,64320
290b79f5-38b4-466d-bff5-5e1d4109124d,70449,2014-06-28,72996,translocation,900043000104513,m,50,12,RKS16958,2152080
290b79f5-38b4-466d-bff5-5e1d4109124d,70449,2014-06-28,72996,translocation,900043000104502,m,45,12,RKS16956,1152
290b79f5-38b4-466d-bff5-5e1d4109124d,70449,2014-06-28,72996,translocation,900043000104555,f,52,18,RKS16948,15216
290b79f5-38b4-466d-bff5-5e1d4109124d,70449,2014-06-28,72996,translocation,900043000104575,f,43,10,RKS16947,567120
290b79f5-38b4-466d-bff5-5e1d4109124d,70449,2014-06-28,72996,translocation,900043000104520,m,45,12,RKS16946,5664
872106e9-719d-411a-84d9-3bb4c3d3f9d2,70449,2014-06-28,72996,translocation,900043000104530,f,51,12,RKS16835,0
872106e9-719d-411a-84d9-3bb4c3d3f9d2,70449,2014-06-28,72996,translocation,900043000104547,m,47,10,RKS16834,864
872106e9-719d-411a-84d9-3bb4c3d3f9d2,70449,2014-06-28,72996,translocation,900043000104529,f,43,8,RKS16833,2640
872106e9-719d-411a-84d9-3bb4c3d3f9d2,70449,2014-06-28,72996,translocation,900043000104512,f,50,12,RKS16832,0
872106e9-719d-411a-84d9-3bb4c3d3f9d2,70449,2014-06-28,72996,translocation,900043000104561,m,43,8,RKS16831,0
872106e9-719d-411a-84d9-3bb4c3d3f9d2,70449,2014-06-28,72996,translocation,900043000104552,m,44,9,RKS16829,624
872106e9-719d-411a-84d9-3bb4c3d3f9d2,70449,2014-06-28,72996,translocation,900043000104567,f,45,9,RKS16828,148896
872106e9-719d-411a-84d9-3bb4c3d3f9d2,70449,2014-06-28,72996,translocation,900043000104522,m,47,10,RKS16827,144
872106e9-719d-411a-84d9-3bb4c3d3f9d2,70449,2014-06-28,72996,translocation,900043000104588,f,45,8,RKS16826,10368
872106e9-719d-411a-84d9-3bb4c3d3f9d2,70449,2014-06-28,72996,translocation,900043000104590,f,49,9,RKS16825,5808
872106e9-719d-411a-84d9-3bb4c3d3f9d2,70449,2014-06-28,72996,translocation,900043000104571,f,50,11,RKS16824,26256
290b79f5-38b4-466d-bff5-5e1d4109124d,70449,2014-06-28,72996,translocation,900043000104556,f,49,12,RKS16811,1488
290b79f5-38b4-466d-bff5-5e1d4109124d,70449,2014-06-28,72996,translocation,900043000104505,m,46,11,RKS16810,20736
290b79f5-38b4-466d-bff5-5e1d4109124d,70449,2014-06-28,72996,translocation,900043000104543,m,44,11,RKS16809,4560
1cc3635f-9895-4aed-8e42-595a429d09cb,70449,2017-08-09,72996,translocation,900067000117458,f,49,12,RKS24158,19540.144
1cc3635f-9895-4aed-8e42-595a429d09cb,70449,2017-08-09,72996,translocation,900067000117416,m,48,10,RKS24157,43696.248
1cc3635f-9895-4aed-8e42-595a429d09cb,70449,2017-08-09,72996,translocation,900067000117476,f,51,14,RKS24156,88469.84
1cc3635f-9895-4aed-8e42-595a429d09cb,70449,2017-08-09,72996,translocation,900067000117390,m,45,9,RKS24155,103.512
1cc3635f-9895-4aed-8e42-595a429d09cb,70449,2017-08-09,72996,translocation,900067000117453,f,47,12,RKS24154,199.104
1cc3635f-9895-4aed-8e42-595a429d09cb,70449,2017-08-09,72996,translocation,900067000117412,f,46,9,RKS24153,84710.16
1cc3635f-9895-4aed-8e42-595a429d09cb,70449,2017-08-09,72996,translocation,900067000117394,m,47,11,RKS24152,3694.048
1cc3635f-9895-4aed-8e42-595a429d09cb,70449,2017-08-09,72996,translocation,900067000117418,m,46,10,RKS24151,10760.144
1cc3635f-9895-4aed-8e42-595a429d09cb,70449,2017-08-09,72996,translocation,900067000114136,m,45,10,RKS24150,138226.16
1cc3635f-9895-4aed-8e42-595a429d09cb,70449,2017-08-09,72996,translocation,900067000114108,m,48,11,RKS24149,275489.12
1cc3635f-9895-4aed-8e42-595a429d09cb,70449,2017-08-09,72996,translocation,900067000114099,m,46,9,RKS24148,1770.536
1cc3635f-9895-4aed-8e42-595a429d09cb,70449,2017-08-09,72996,translocation,900067000114178,f,44,10,RKS24147,91505.92
1cc3635f-9895-4aed-8e42-595a429d09cb,70449,2017-08-09,72996,translocation,900067000114138,f,54,15,RKS24146,621.248
1cc3635f-9895-4aed-8e42-595a429d09cb,70449,2017-08-09,72996,translocation,900067000114018,f,48,10,RKS24145,1693.56
290b79f5-38b4-466d-bff5-5e1d4109124d,70449,2014-06-28,72996,translocation,900043000104591,f,49,14,RKS16808,25248
290b79f5-38b4-466d-bff5-5e1d4109124d,70449,2014-06-28,72996,translocation,900043000104587,f,43,11,RKS16806,24144
290b79f5-38b4-466d-bff5-5e1d4109124d,70449,2014-06-28,72996,translocation,900043000104554,m,43,12,RKS16804,6960
290b79f5-38b4-466d-bff5-5e1d4109124d,70449,2014-06-28,72996,translocation,900043000104599,m,44,12,RKS16803,864
872106e9-719d-411a-84d9-3bb4c3d3f9d2,70449,2014-06-28,72996,translocation,900043000104594,m,45,10,RKS16802,0
18ff669d-1a5f-4fb0-a175-f1cea1306afc,70449,2014-06-28,72996,translocation,900118001029497,m,51,14,RKS16801,25152
18ff669d-1a5f-4fb0-a175-f1cea1306afc,70449,2014-06-28,72996,translocation,900118001027515,f,49,14,RKS16800,1344.0000000000002
18ff669d-1a5f-4fb0-a175-f1cea1306afc,70449,2014-06-28,72996,translocation,900118001058387,f,50,12,RKS16799,48
872106e9-719d-411a-84d9-3bb4c3d3f9d2,70449,2014-06-28,72996,translocation,900043000104531,f,50,11,RKS16798,96
18ff669d-1a5f-4fb0-a175-f1cea1306afc,70449,2014-06-28,72996,translocation,900118001027772,f,42,8,RKS16797,0
872106e9-719d-411a-84d9-3bb4c3d3f9d2,70449,2014-06-28,72996,translocation,900043000104572,f,48,10,RKS16796,0
872106e9-719d-411a-84d9-3bb4c3d3f9d2,70449,2014-06-28,72996,translocation,900043000104549,m,43,9,RKS16795,48
872106e9-719d-411a-84d9-3bb4c3d3f9d2,70449,2014-06-28,72996,translocation,900043000104542,m,42,9,RKS16793,96
872106e9-719d-411a-84d9-3bb4c3d3f9d2,70449,2014-06-28,72996,translocation,900043000104584,m,43,10,RKS16792,0
b54d26ba-a4b1-4356-ac42-a87bf937aa3c,70505,2008-07-15,72996,translocation,985153000075252,f,48,10,RKS6394,96
9dfa3d87-8d70-416d-806f-e35ad8420f89,70505,2015-07-06,72996,translocation,900043000108208,f,53,14,,NA
fda1d70d-f1de-4406-9170-47d043c1aeff,70505,2013-07-16,72996,translocation,900118001059649,f,56,14,RKS16345,1488
fda1d70d-f1de-4406-9170-47d043c1aeff,70505,2013-07-16,72996,translocation,900118001058319,f,52,12,RKS16346,29136
fda1d70d-f1de-4406-9170-47d043c1aeff,70505,2013-07-16,72996,translocation,900118001057931,m,53,15,RKS16347,1392
fda1d70d-f1de-4406-9170-47d043c1aeff,70505,2013-07-16,72996,translocation,900118001058038,f,50,12,RKS16348,2640
fda1d70d-f1de-4406-9170-47d043c1aeff,70505,2013-07-16,72996,translocation,900118001065405,f,57,14,RKS16349,576
fda1d70d-f1de-4406-9170-47d043c1aeff,70505,2013-07-16,72996,translocation,900118001029978,m,55,16,RKS16350,6192
fda1d70d-f1de-4406-9170-47d043c1aeff,70505,2013-07-16,72996,translocation,900118001060646,f,51,11,RKS16351,2112
fda1d70d-f1de-4406-9170-47d043c1aeff,70505,2013-07-16,72996,translocation,121012035780,m,56,14,RKS16352,2256
fda1d70d-f1de-4406-9170-47d043c1aeff,70505,2013-07-16,72996,translocation,900118001057979,m,52,13,RKS16353,5712
fda1d70d-f1de-4406-9170-47d043c1aeff,70505,2013-07-16,72996,translocation,900118001057400,f,48,12,RKS16354,5712
fda1d70d-f1de-4406-9170-47d043c1aeff,70505,2013-07-16,72996,translocation,900118001058090,f,48,12,RKS16355,768
fda1d70d-f1de-4406-9170-47d043c1aeff,70505,2013-07-16,72996,translocation,900118001059787,m,50,12,RKS16356,1488
fda1d70d-f1de-4406-9170-47d043c1aeff,70505,2013-07-16,72996,translocation,900118001031300,m,55,16,RKS16357,96
fda1d70d-f1de-4406-9170-47d043c1aeff,70505,2013-07-16,72996,translocation,900118001027915,f,50,12,RKS16358,26400
fda1d70d-f1de-4406-9170-47d043c1aeff,70505,2013-07-16,72996,translocation,900118001058985,m,51,12,RKS16360,69984
fda1d70d-f1de-4406-9170-47d043c1aeff,70505,2013-07-16,72996,translocation,900118001030064,f,48,10,RKS16361,11088
fda1d70d-f1de-4406-9170-47d043c1aeff,70505,2013-07-16,72996,translocation,900118001031708,m,49,10,RKS16362,11712
fda1d70d-f1de-4406-9170-47d043c1aeff,70505,2013-07-16,72996,translocation,900118001029790,f,53,14,RKS16363,240
fda1d70d-f1de-4406-9170-47d043c1aeff,70505,2013-07-16,72996,translocation,900118001030547,f,49,10,RKS16364,480
9dfa3d87-8d70-416d-806f-e35ad8420f89,70505,2015-07-06,72996,translocation,900043000108351,f,53,15,RKS18336,113658.24
9dfa3d87-8d70-416d-806f-e35ad8420f89,70505,2015-07-06,72996,translocation,900043000108271,f,52,16,RKS18337,32788.32
9dfa3d87-8d70-416d-806f-e35ad8420f89,70505,2015-07-06,72996,translocation,900043000108311,f,50,14,RKS18338,530614.56
9dfa3d87-8d70-416d-806f-e35ad8420f89,70505,2015-07-06,72996,translocation,900043000108229,f,51,15,RKS18339,14417.76
9dfa3d87-8d70-416d-806f-e35ad8420f89,70505,2015-07-06,72996,translocation,900043000108326,f,46,12,RKS18340,232729.92
9dfa3d87-8d70-416d-806f-e35ad8420f89,70505,2015-07-06,72996,translocation,900043000108202,f,49,13,RKS18343,45472.8
9dfa3d87-8d70-416d-806f-e35ad8420f89,70505,2015-07-06,72996,translocation,900043000108294,f,49,14,RKS18344,396.96
9dfa3d87-8d70-416d-806f-e35ad8420f89,70505,2015-07-06,72996,translocation,900043000108242,f,50,16,RKS18345,81018.24
9dfa3d87-8d70-416d-806f-e35ad8420f89,70505,2015-07-06,72996,translocation,900043000108289,f,49,14,RKS18346,29177.76
9dfa3d87-8d70-416d-806f-e35ad8420f89,70505,2015-07-06,72996,translocation,900043000108353,m,47,12,RKS18347,194669.28
9dfa3d87-8d70-416d-806f-e35ad8420f89,70505,2015-07-06,72996,translocation,900043000108364,f,50,15,RKS18348,183488.64
9dfa3d87-8d70-416d-806f-e35ad8420f89,70505,2015-07-06,72996,translocation,900043000108280,m,49,11,RKS18349,185806.56
9dfa3d87-8d70-416d-806f-e35ad8420f89,70505,2015-07-06,72996,translocation,900043000108359,m,47,13,RKS18350,113815.68
9dfa3d87-8d70-416d-806f-e35ad8420f89,70505,2015-07-06,72996,translocation,900043000108373,m,48,12,RKS18351,461.76
9dfa3d87-8d70-416d-806f-e35ad8420f89,70505,2015-07-06,72996,translocation,900043000108392,f,56,17,RKS18353,11880
9dfa3d87-8d70-416d-806f-e35ad8420f89,70505,2015-07-06,72996,translocation,900043000108235,f,51,15,RKS18354,138525.12
9dfa3d87-8d70-416d-806f-e35ad8420f89,70505,2015-07-06,72996,translocation,900043000108230,m,50,14,RKS18355,24521.28
9dfa3d87-8d70-416d-806f-e35ad8420f89,70505,2015-07-06,72996,translocation,900043000108215,f,53,16,RKS18356,3618.72
9dfa3d87-8d70-416d-806f-e35ad8420f89,70505,2015-07-06,72996,translocation,900043000108241,f,48,12,RKS18357,6928.8
36519a0a-f3ea-487a-ae1c-6b732c8f2768,70505,2017-08-09,72996,translocation,900067000114765,m,48,10,RKS24063,9866.472
36519a0a-f3ea-487a-ae1c-6b732c8f2768,70505,2017-08-09,72996,translocation,900067000116860,m,46,10,RKS24064,78608.184
36519a0a-f3ea-487a-ae1c-6b732c8f2768,70505,2017-08-09,72996,translocation,900067000114102,f,48,9,RKS24065,15691.24
36519a0a-f3ea-487a-ae1c-6b732c8f2768,70505,2017-08-09,72996,translocation,900067000114147,f,47,9,RKS24066,6688.448
36519a0a-f3ea-487a-ae1c-6b732c8f2768,70505,2017-08-09,72996,translocation,900067000114123,m,53,12,RKS24067,133174.16
36519a0a-f3ea-487a-ae1c-6b732c8f2768,70505,2017-08-09,72996,translocation,900067000114105,m,49,9,RKS24068,33746.976
36519a0a-f3ea-487a-ae1c-6b732c8f2768,70505,2017-08-09,72996,translocation,900067000114152,m,44,8,RKS24069,19773.176
36519a0a-f3ea-487a-ae1c-6b732c8f2768,70505,2017-08-09,72996,translocation,900067000116911,f,46,11,RKS24070,897.736
36519a0a-f3ea-487a-ae1c-6b732c8f2768,70505,2017-08-09,72996,translocation,900067000114081,f,48,11,RKS24071,2957.288
36519a0a-f3ea-487a-ae1c-6b732c8f2768,70505,2017-08-09,72996,translocation,900067000114115,f,49,10,RKS24090,1392.664
36519a0a-f3ea-487a-ae1c-6b732c8f2768,70505,2017-08-09,72996,translocation,900067000114119,f,46,10,RKS24091,39173.232
36519a0a-f3ea-487a-ae1c-6b732c8f2768,70505,2017-08-09,72996,translocation,900067000114097,f,48,11,RKS24092,11927.608
36519a0a-f3ea-487a-ae1c-6b732c8f2768,70505,2017-08-09,72996,translocation,900067000116900,m,48,9,RKS24093,1132.32
36519a0a-f3ea-487a-ae1c-6b732c8f2768,70505,2017-08-09,72996,translocation,900067000114157,m,51,12,RKS24094,5477.48
36519a0a-f3ea-487a-ae1c-6b732c8f2768,70505,2017-08-09,72996,translocation,900067000114089,f,47,10,RKS24095,2667.064
36519a0a-f3ea-487a-ae1c-6b732c8f2768,70505,2017-08-09,72996,translocation,900067000114085,f,52,11,RKS24106,7302.312
36519a0a-f3ea-487a-ae1c-6b732c8f2768,70505,2017-08-09,72996,translocation,900067000113895,m,48,10,RKS24107,16809.488
36519a0a-f3ea-487a-ae1c-6b732c8f2768,70505,2017-08-09,72996,translocation,900067000113978,m,45,10,RKS24132,39105.024
36519a0a-f3ea-487a-ae1c-6b732c8f2768,70505,2017-08-09,72996,translocation,900067000114179,f,46,10,RKS24133,24869.48
36519a0a-f3ea-487a-ae1c-6b732c8f2768,70505,2017-08-09,72996,translocation,900067000113939,f,52,11,RKS24134,53144.016
36519a0a-f3ea-487a-ae1c-6b732c8f2768,70505,2017-08-09,72996,translocation,900067000114112,f,50,10,RKS24135,8476.112
36519a0a-f3ea-487a-ae1c-6b732c8f2768,70505,2017-08-09,72996,translocation,900067000114126,m,50,11,RKS24136,3093.512
36519a0a-f3ea-487a-ae1c-6b732c8f2768,70505,2017-08-09,72996,translocation,900067000114153,m,46,9,RKS24137,5305.648
36519a0a-f3ea-487a-ae1c-6b732c8f2768,70505,2017-08-09,72996,translocation,900067000114159,m,52,13,RKS24138,121522.72
36519a0a-f3ea-487a-ae1c-6b732c8f2768,70505,2017-08-09,72996,translocation,900067000114168,f,45,10,RKS24139,47922.192
36519a0a-f3ea-487a-ae1c-6b732c8f2768,70505,2017-08-09,72996,translocation,900067000114092,f,49,10,RKS24140,28446.504
36519a0a-f3ea-487a-ae1c-6b732c8f2768,70505,2017-08-09,72996,translocation,900067000114145,f,49,10,RKS24141,113028.64
36519a0a-f3ea-487a-ae1c-6b732c8f2768,70505,2017-08-09,72996,translocation,900067000114150,f,47,11,RKS24142,9561.96
36519a0a-f3ea-487a-ae1c-6b732c8f2768,70505,2017-08-09,72996,translocation,900067000114164,f,53,10,RKS24143,363874.64
36519a0a-f3ea-487a-ae1c-6b732c8f2768,70505,2017-08-09,72996,translocation,900067000114128,f,40,11,RKS24144,0
b54d26ba-a4b1-4356-ac42-a87bf937aa3c,70505,2008-07-15,72996,translocation,985121012029339,m,49,10,RKS6213,48
b54d26ba-a4b1-4356-ac42-a87bf937aa3c,70505,2008-07-15,72996,translocation,985121012027934,m,47,10,RKS6214,3216
b54d26ba-a4b1-4356-ac42-a87bf937aa3c,70505,2008-07-15,72996,translocation,985121012029379,f,55,15,RKS6216,11376
b54d26ba-a4b1-4356-ac42-a87bf937aa3c,70505,2008-07-15,72996,translocation,985121012035780,m,57,16,RKS6217,192
b54d26ba-a4b1-4356-ac42-a87bf937aa3c,70505,2008-07-15,72996,translocation,985121012024075,m,50,12,RKS6219,108432
b54d26ba-a4b1-4356-ac42-a87bf937aa3c,70505,2008-07-15,72996,translocation,985121012029294,m,50,11,RKS6220,91872
b54d26ba-a4b1-4356-ac42-a87bf937aa3c,70505,2008-07-15,72996,translocation,985121012031001,f,49,12,RKS6221,2928
b54d26ba-a4b1-4356-ac42-a87bf937aa3c,70505,2008-07-15,72996,translocation,985121011993027,m,46,9,RKS6222,240
b54d26ba-a4b1-4356-ac42-a87bf937aa3c,70505,2008-07-15,72996,translocation,985121012031275,m,51,12,RKS6233,13632
b54d26ba-a4b1-4356-ac42-a87bf937aa3c,70505,2008-07-15,72996,translocation,985121012024446,m,48,12,RKS6235,1824
b54d26ba-a4b1-4356-ac42-a87bf937aa3c,70505,2008-07-15,72996,translocation,985121012023064,f,44,10,RKS6237,0
b54d26ba-a4b1-4356-ac42-a87bf937aa3c,70505,2008-07-15,72996,translocation,985121012028875,f,45,10,RKS6238,432
b54d26ba-a4b1-4356-ac42-a87bf937aa3c,70505,2008-07-15,72996,translocation,985121012029973,m,46,8,RKS6239,0
b54d26ba-a4b1-4356-ac42-a87bf937aa3c,70505,2008-07-15,72996,translocation,985121012030430,f,53,14,RKS6240,0
b54d26ba-a4b1-4356-ac42-a87bf937aa3c,70505,2008-07-15,72996,translocation,985121012025789,m,46,10,RKS6242,1008
b54d26ba-a4b1-4356-ac42-a87bf937aa3c,70505,2008-07-15,72996,translocation,985121012055247,m,47,10,RKS6253,528
b54d26ba-a4b1-4356-ac42-a87bf937aa3c,70505,2008-07-15,72996,translocation,985121012031889,m,42,8,RKS6255,22992
b54d26ba-a4b1-4356-ac42-a87bf937aa3c,70505,2008-07-15,72996,translocation,985121012022903,m,57,16,RKS6258,1584
b54d26ba-a4b1-4356-ac42-a87bf937aa3c,70505,2008-07-15,72996,translocation,985121012034712,f,49,12,RKS6260,0
b54d26ba-a4b1-4356-ac42-a87bf937aa3c,70505,2008-07-15,72996,translocation,985153000075239,m,47,10,RKS6378,336.00000000000006
b54d26ba-a4b1-4356-ac42-a87bf937aa3c,70505,2008-07-15,72996,translocation,985153000075233,f,47,13,RKS6379,2064
b54d26ba-a4b1-4356-ac42-a87bf937aa3c,70505,2008-07-15,72996,translocation,985153000075269,m,48,12,RKS6380,2160
b54d26ba-a4b1-4356-ac42-a87bf937aa3c,70505,2008-07-15,72996,translocation,985153000075285,m,46,10,RKS6381,2064
b54d26ba-a4b1-4356-ac42-a87bf937aa3c,70505,2008-07-15,72996,translocation,985153000075284,m,49,11,RKS6382,0
b54d26ba-a4b1-4356-ac42-a87bf937aa3c,70505,2008-07-15,72996,translocation,985153000075235,m,49,12,RKS6383,0
b54d26ba-a4b1-4356-ac42-a87bf937aa3c,70505,2008-07-15,72996,translocation,985153000075236,f,52,13,RKS6384,816.0000000000001
b54d26ba-a4b1-4356-ac42-a87bf937aa3c,70505,2008-07-15,72996,translocation,985153000075219,f,52,14,RKS6385,480
b54d26ba-a4b1-4356-ac42-a87bf937aa3c,70505,2008-07-15,72996,translocation,985153000075273,m,53,12,RKS6386,48
b54d26ba-a4b1-4356-ac42-a87bf937aa3c,70505,2008-07-15,72996,translocation,985121012025876,f,50,10,RKS6387,8112
b54d26ba-a4b1-4356-ac42-a87bf937aa3c,70505,2008-07-15,72996,translocation,985153000075228,f,52,13,RKS6388,2400
b54d26ba-a4b1-4356-ac42-a87bf937aa3c,70505,2008-07-15,72996,translocation,985153000075208,f,52,16,RKS6389,1104
b54d26ba-a4b1-4356-ac42-a87bf937aa3c,70505,2008-07-15,72996,translocation,985153000075295,m,50,14,RKS6390,768
b54d26ba-a4b1-4356-ac42-a87bf937aa3c,70505,2008-07-15,72996,translocation,985153000075201,f,53,12,RKS6391,5664
b54d26ba-a4b1-4356-ac42-a87bf937aa3c,70505,2008-07-15,72996,translocation,985153000075205,m,54,17,RKS6392,8304
b54d26ba-a4b1-4356-ac42-a87bf937aa3c,70505,2008-07-15,72996,translocation,985153000075244,f,58,20,RKS6393,144
51141fbc-9590-4237-aa5b-a39b96418b0e,70550,2006-08-07,72996,translocation,091072047,m,48,10,RKS3702,7056
51141fbc-9590-4237-aa5b-a39b96418b0e,70550,2006-08-07,72996,translocation,091356534,m,53,14,RKS3703,1536
51141fbc-9590-4237-aa5b-a39b96418b0e,70550,2006-08-07,72996,translocation,090873349,m,48,11,RKS3704,0
51141fbc-9590-4237-aa5b-a39b96418b0e,70550,2006-08-07,72996,translocation,091572056,m,51,14,RKS3705,3168
51141fbc-9590-4237-aa5b-a39b96418b0e,70550,2006-08-07,72996,translocation,091571769,m,47,9,RKS3706,0
51141fbc-9590-4237-aa5b-a39b96418b0e,70550,2006-08-07,72996,translocation,091582868,f,54,12,RKS3707,1056
51141fbc-9590-4237-aa5b-a39b96418b0e,70550,2006-08-07,72996,translocation,091318870,m,54,18,RKS3708,24432
51141fbc-9590-4237-aa5b-a39b96418b0e,70550,2006-08-07,72996,translocation,091063878,f,49,13,RKS3709,30432
51141fbc-9590-4237-aa5b-a39b96418b0e,70550,2006-08-07,72996,translocation,080068126,f,49,12,RKS3710,720
51141fbc-9590-4237-aa5b-a39b96418b0e,70550,2006-08-07,72996,translocation,091315561,f,52,12,RKS3711,0
51141fbc-9590-4237-aa5b-a39b96418b0e,70550,2006-08-07,72996,translocation,091034860,f,49,10,RKS3712,6048
51141fbc-9590-4237-aa5b-a39b96418b0e,70550,2006-08-07,72996,translocation,091530379,f,51,14,RKS3713,240
51141fbc-9590-4237-aa5b-a39b96418b0e,70550,2006-08-07,72996,translocation,062374570,f,51,12,RKS3714,2928
51141fbc-9590-4237-aa5b-a39b96418b0e,70550,2006-08-07,72996,translocation,091356306,m,50,11,RKS3715,96
51141fbc-9590-4237-aa5b-a39b96418b0e,70550,2006-08-07,72996,translocation,091022277,f,54,14,RKS3716,34944
51141fbc-9590-4237-aa5b-a39b96418b0e,70550,2006-08-07,72996,translocation,091573095,m,53,16,RKS3717,0
51141fbc-9590-4237-aa5b-a39b96418b0e,70550,2006-08-07,72996,translocation,091515292,f,50,11,RKS3718,3552
51141fbc-9590-4237-aa5b-a39b96418b0e,70550,2006-08-07,72996,translocation,090891807,f,55,15,RKS3719,14736
51141fbc-9590-4237-aa5b-a39b96418b0e,70550,2006-08-07,72996,translocation,091575537,m,51,12,RKS3720,96
51141fbc-9590-4237-aa5b-a39b96418b0e,70550,2006-08-07,72996,translocation,091582279,m,48,11,RKS3721,4896
51141fbc-9590-4237-aa5b-a39b96418b0e,70550,2006-08-07,72996,translocation,091110803,f,56,16,RKS3722,15408
51141fbc-9590-4237-aa5b-a39b96418b0e,70550,2006-08-07,72996,translocation,080045534,m,53,14,RKS3723,8544
51141fbc-9590-4237-aa5b-a39b96418b0e,70550,2006-08-07,72996,translocation,091120768,m,48,10,RKS3724,18000
f0c8dae0-fe72-4e52-97d8-5ba7d0696be0,70550,2013-07-16,72996,translocation,900118001031196,f,49,14,RKS16333,69072
f0c8dae0-fe72-4e52-97d8-5ba7d0696be0,70550,2013-07-16,72996,translocation,900118001028456,m,52,14,RKS16334,133392
f0c8dae0-fe72-4e52-97d8-5ba7d0696be0,70550,2013-07-16,72996,translocation,900118001057905,m,54,16,RKS16335,9840
f0c8dae0-fe72-4e52-97d8-5ba7d0696be0,70550,2013-07-16,72996,translocation,900118001059949,f,48,12,RKS16336,2016
f0c8dae0-fe72-4e52-97d8-5ba7d0696be0,70550,2013-07-16,72996,translocation,900118001031343,f,56,16,RKS16337,9456
f0c8dae0-fe72-4e52-97d8-5ba7d0696be0,70550,2013-07-16,72996,translocation,900118001057579,f,48,12,RKS16338,112704
f0c8dae0-fe72-4e52-97d8-5ba7d0696be0,70550,2013-07-16,72996,translocation,900118001029814,f,57,16,RKS16339,2928
f0c8dae0-fe72-4e52-97d8-5ba7d0696be0,70550,2013-07-16,72996,translocation,900118001030063,m,54,14,RKS16340,55248
f0c8dae0-fe72-4e52-97d8-5ba7d0696be0,70550,2013-07-16,72996,translocation,900118001030750,f,50,12,RKS16341,816.0000000000001
f0c8dae0-fe72-4e52-97d8-5ba7d0696be0,70550,2013-07-16,72996,translocation,900118001030093,f,49,14,RKS16342,7296
f0c8dae0-fe72-4e52-97d8-5ba7d0696be0,70550,2013-07-16,72996,translocation,900118001031752,f,48,12,RKS16343,32016
f0c8dae0-fe72-4e52-97d8-5ba7d0696be0,70550,2013-07-16,72996,translocation,985121013702904,m,51,14,RKS16344,120864
51141fbc-9590-4237-aa5b-a39b96418b0e,70550,2006-08-07,72996,translocation,091020125,m,49,10,RKS2518,0
f0c8dae0-fe72-4e52-97d8-5ba7d0696be0,70550,2013-07-16,72996,translocation,900118001059003,m,51,11,RKS15867,1584
f0c8dae0-fe72-4e52-97d8-5ba7d0696be0,70550,2013-07-16,72996,translocation,900118001058870,m,54,16,RKS15868,576
f0c8dae0-fe72-4e52-97d8-5ba7d0696be0,70550,2013-07-16,72996,translocation,900118001031348,f,51,12,RKS16328,146160
f0c8dae0-fe72-4e52-97d8-5ba7d0696be0,70550,2013-07-16,72996,translocation,900118001065754,f,48,12,RKS16329,2448
f0c8dae0-fe72-4e52-97d8-5ba7d0696be0,70550,2013-07-16,72996,translocation,900118001058841,f,49,12,RKS15866,30192
f0c8dae0-fe72-4e52-97d8-5ba7d0696be0,70550,2013-07-16,72996,translocation,900118001030163,f,50,12,RKS16330,960
f0c8dae0-fe72-4e52-97d8-5ba7d0696be0,70550,2013-07-16,72996,translocation,900118001067329,m,48,11,RKS16331,48
f0c8dae0-fe72-4e52-97d8-5ba7d0696be0,70550,2013-07-16,72996,translocation,900118001030025,m,52,15,RKS16332,21695.999999999996
51141fbc-9590-4237-aa5b-a39b96418b0e,70550,2006-08-07,72996,translocation,091066872,m,46,10,RKS3680,6528.000000000001
51141fbc-9590-4237-aa5b-a39b96418b0e,70550,2006-08-07,72996,translocation,080048769,f,47,11,RKS3681,1824
51141fbc-9590-4237-aa5b-a39b96418b0e,70550,2006-08-07,72996,translocation,091021044,m,47,11,RKS3682,336.00000000000006
51141fbc-9590-4237-aa5b-a39b96418b0e,70550,2006-08-07,72996,translocation,118001058990,f,48,11,RKS3683,144
51141fbc-9590-4237-aa5b-a39b96418b0e,70550,2006-08-07,72996,translocation,091529336,f,63,24,RKS3684,11376
51141fbc-9590-4237-aa5b-a39b96418b0e,70550,2006-08-07,72996,translocation,091357564,m,48,10,RKS3685,720
51141fbc-9590-4237-aa5b-a39b96418b0e,70550,2006-08-07,72996,translocation,091346622,f,48,10,RKS3686,0
51141fbc-9590-4237-aa5b-a39b96418b0e,70550,2006-08-07,72996,translocation,080045779,f,52,13,RKS3692,3840
51141fbc-9590-4237-aa5b-a39b96418b0e,70550,2006-08-07,72996,translocation,091094305,f,46,6,RKS3693,144
51141fbc-9590-4237-aa5b-a39b96418b0e,70550,2006-08-07,72996,translocation,091601297,f,56,15,RKS3694,53568
51141fbc-9590-4237-aa5b-a39b96418b0e,70550,2006-08-07,72996,translocation,091344771,m,45,10,RKS3695,7680
51141fbc-9590-4237-aa5b-a39b96418b0e,70550,2006-08-07,72996,translocation,900118001060333,f,55,17,RKS3696,0
51141fbc-9590-4237-aa5b-a39b96418b0e,70550,2006-08-07,72996,translocation,091336278,m,48,9,RKS3697,0
51141fbc-9590-4237-aa5b-a39b96418b0e,70550,2006-08-07,72996,translocation,080374566,m,50,12,RKS3698,28224
51141fbc-9590-4237-aa5b-a39b96418b0e,70550,2006-08-07,72996,translocation,091320558,m,50,14,RKS3699,58512
51141fbc-9590-4237-aa5b-a39b96418b0e,70550,2006-08-07,72996,translocation,080052585,m,46,9,RKS3700,2160
d8bc8822-ab03-412d-bd75-5e89bdaa3598,70556,2018-08-16,70459,translocation,900067000117359,f,55,19,RKS26473,3196.288
d8bc8822-ab03-412d-bd75-5e89bdaa3598,70556,2018-08-16,70459,translocation,900067000117422,m,54,18,RKS26474,51.896
d8bc8822-ab03-412d-bd75-5e89bdaa3598,70556,2018-08-16,70459,translocation,900067000117464,f,46,12,RKS26475,31516.36
d8bc8822-ab03-412d-bd75-5e89bdaa3598,70556,2018-08-16,70459,translocation,900067000117392,m,59,29,RKS26476,610.96
d8bc8822-ab03-412d-bd75-5e89bdaa3598,70556,2018-08-16,70459,translocation,900067000117332,m,48,12,RKS26477,568.28
d8bc8822-ab03-412d-bd75-5e89bdaa3598,70556,2018-08-16,70459,translocation,900067000117435,f,57,19,RKS26478,1152.168
d8bc8822-ab03-412d-bd75-5e89bdaa3598,70556,2018-08-16,70459,translocation,900043000144480,f,56,23,RKS26479,780.704
d8bc8822-ab03-412d-bd75-5e89bdaa3598,70556,2018-08-16,70459,translocation,900043000144465,f,50,13,RKS26480,556.912
d8bc8822-ab03-412d-bd75-5e89bdaa3598,70556,2018-08-16,70459,translocation,900043000144482,f,49,13,RKS26481,3833.568
d8bc8822-ab03-412d-bd75-5e89bdaa3598,70556,2018-08-16,70459,translocation,900043000144427,f,60,26,RKS26482,991.312
d8bc8822-ab03-412d-bd75-5e89bdaa3598,70556,2018-08-16,70459,translocation,900043000144416,m,47,12,RKS26483,67.52
d8bc8822-ab03-412d-bd75-5e89bdaa3598,70556,2018-08-16,70459,translocation,900043000144415,f,57,22,RKS26484,567.192
d8bc8822-ab03-412d-bd75-5e89bdaa3598,70556,2018-08-16,70459,translocation,900043000144447,f,54,17,RKS26485,7154.008
d8bc8822-ab03-412d-bd75-5e89bdaa3598,70556,2018-08-16,70459,translocation,900043000144463,m,59,23,RKS26486,1261.84
d8bc8822-ab03-412d-bd75-5e89bdaa3598,70556,2018-08-16,70459,translocation,900043000144426,m,53,17,RKS26487,19154.432
d8bc8822-ab03-412d-bd75-5e89bdaa3598,70556,2018-08-16,70459,translocation,900043000144471,f,62,33,RKS26488,997.224
d8bc8822-ab03-412d-bd75-5e89bdaa3598,70556,2018-08-16,70459,translocation,900043000144446,f,63,32,RKS26489,4300.032
92064c9e-2752-463c-930e-7c6d7b9f058b,70556,2020-07-09,70459,translocation,900067000117219,m,53,15,RKS29908,140950.056
92064c9e-2752-463c-930e-7c6d7b9f058b,70556,2020-07-09,70459,translocation,900043000144468,m,54,18,RKS29909,589813.608
92064c9e-2752-463c-930e-7c6d7b9f058b,70556,2020-07-09,70459,translocation,900067000117361,m,53,18,RKS29910,3147.256
92064c9e-2752-463c-930e-7c6d7b9f058b,70556,2020-07-09,70459,translocation,900067000117134,f,43,10,RKS29911,11873.392
92064c9e-2752-463c-930e-7c6d7b9f058b,70556,2020-07-09,70459,translocation,900043000144670,f,50,12,RKS29912,5769.136
92064c9e-2752-463c-930e-7c6d7b9f058b,70556,2020-07-09,70459,translocation,900043000144411,f,42,8,RKS29913,411.536
92064c9e-2752-463c-930e-7c6d7b9f058b,70556,2020-07-09,70459,translocation,900067000117103,m,53,16,RKS29914,2534.28
92064c9e-2752-463c-930e-7c6d7b9f058b,70556,2020-07-09,70459,translocation,900067000117096,m,55,15,RKS29915,6847.416
92064c9e-2752-463c-930e-7c6d7b9f058b,70556,2020-07-09,70459,translocation,900043000144430,m,56,20,RKS29916,14253.92
92064c9e-2752-463c-930e-7c6d7b9f058b,70556,2020-07-09,70459,translocation,900067000116989,m,50,13,RKS29917,34338.416
92064c9e-2752-463c-930e-7c6d7b9f058b,70556,2020-07-09,70459,translocation,900043000144451,f,43,8,RKS29918,998.048
92064c9e-2752-463c-930e-7c6d7b9f058b,70556,2020-07-09,70459,translocation,900067000117135,m,52,18,RKS29919,0
92064c9e-2752-463c-930e-7c6d7b9f058b,70556,2020-07-09,70459,translocation,900067000117058,m,55,17,RKS29920,53375.344
92064c9e-2752-463c-930e-7c6d7b9f058b,70556,2020-07-09,70459,translocation,900043000144487,f,62,26,RKS29921,2391.856
92064c9e-2752-463c-930e-7c6d7b9f058b,70556,2020-07-09,70459,translocation,900067000117159,f,47,10,RKS29922,46539.872
5037fdf4-9a48-4897-bc5a-82ca616b1a13,70556,2020-07-09,72974,translocation,900043000144407,f,58,22,RKS29923,1391.64
5037fdf4-9a48-4897-bc5a-82ca616b1a13,70556,2020-07-09,72974,translocation,900043000144466,f,55,19,RKS29924,2685.432
5037fdf4-9a48-4897-bc5a-82ca616b1a13,70556,2020-07-09,72974,translocation,900067000117120,f,58,23,RKS29925,0
d8bc8822-ab03-412d-bd75-5e89bdaa3598,70556,2018-08-16,70459,translocation,900067000117357,m,55,20,RKS26457,7302.336
d8bc8822-ab03-412d-bd75-5e89bdaa3598,70556,2018-08-16,70459,translocation,900067000117424,f,62,28,RKS26458,5840.296
d8bc8822-ab03-412d-bd75-5e89bdaa3598,70556,2018-08-16,70459,translocation,900067000117431,m,60,20,RKS26459,75469.32
d8bc8822-ab03-412d-bd75-5e89bdaa3598,70556,2018-08-16,70459,translocation,900067000117311,m,56,19,RKS26460,17789.496
d8bc8822-ab03-412d-bd75-5e89bdaa3598,70556,2018-08-16,70459,translocation,900067000117463,f,56,18,RKS26461,1197.28
d8bc8822-ab03-412d-bd75-5e89bdaa3598,70556,2018-08-16,70459,translocation,900067000117408,f,60,30,RKS26462,51.024
d8bc8822-ab03-412d-bd75-5e89bdaa3598,70556,2018-08-16,70459,translocation,900067000117473,f,53,18,RKS26466,599.112
d8bc8822-ab03-412d-bd75-5e89bdaa3598,70556,2018-08-16,70459,translocation,900067000117460,f,63,32,RKS26467,31062.072
d8bc8822-ab03-412d-bd75-5e89bdaa3598,70556,2018-08-16,70459,translocation,900067000117402,m,53,19,RKS26468,436.376
d8bc8822-ab03-412d-bd75-5e89bdaa3598,70556,2018-08-16,70459,translocation,900067000117430,m,58,20,RKS26469,19214.088
d8bc8822-ab03-412d-bd75-5e89bdaa3598,70556,2018-08-16,70459,translocation,900067000117401,m,43,8,RKS26470,1885.04
d8bc8822-ab03-412d-bd75-5e89bdaa3598,70556,2018-08-16,70459,translocation,900067000117454,m,53,18,RKS26471,780.224
d8bc8822-ab03-412d-bd75-5e89bdaa3598,70556,2018-08-16,70459,translocation,900067000117447,m,53,18,RKS26472,3762.344
24144016-e553-4fcf-8eaa-50db5a3ca374,70619,2008-07-15,72996,translocation,985121011981122,m,54,16,RKS6147,768
24144016-e553-4fcf-8eaa-50db5a3ca374,70619,2008-07-15,72996,translocation,985121012024185,m,53,15,RKS6148,2160
24144016-e553-4fcf-8eaa-50db5a3ca374,70619,2008-07-15,72996,translocation,985121012027520,m,50,11,RKS6149,48288
24144016-e553-4fcf-8eaa-50db5a3ca374,70619,2008-07-15,72996,translocation,985121011991157,m,48,12,RKS6150,5808
24144016-e553-4fcf-8eaa-50db5a3ca374,70619,2008-07-15,72996,translocation,985121012024601,m,44,10,RKS6151,5520
24144016-e553-4fcf-8eaa-50db5a3ca374,70619,2008-07-15,72996,translocation,985121012029320,f,50,12,RKS6152,240
24144016-e553-4fcf-8eaa-50db5a3ca374,70619,2008-07-15,72996,translocation,985121012023060,m,50,12,RKS6153,8352
24144016-e553-4fcf-8eaa-50db5a3ca374,70619,2008-07-15,72996,translocation,985121012031389,f,50,11,RKS6154,0
24144016-e553-4fcf-8eaa-50db5a3ca374,70619,2008-07-15,72996,translocation,985121012027625,m,47,11,RKS6256,20928
24144016-e553-4fcf-8eaa-50db5a3ca374,70619,2008-07-15,72996,translocation,985121013715395,m,49,10,RKS6241,123600
24144016-e553-4fcf-8eaa-50db5a3ca374,70619,2008-07-15,72996,translocation,985121011986696,m,48,10,RKS6215,1104
24144016-e553-4fcf-8eaa-50db5a3ca374,70619,2008-07-15,72996,translocation,985121013709017,m,48,9,RKS6243,1488
24144016-e553-4fcf-8eaa-50db5a3ca374,70619,2008-07-15,72996,translocation,985121012027480,m,47,10,RKS6218,144
24144016-e553-4fcf-8eaa-50db5a3ca374,70619,2008-07-15,72996,translocation,985121013705102,m,42,8,RKS6244,5856
24144016-e553-4fcf-8eaa-50db5a3ca374,70619,2008-07-15,72996,translocation,985121013711374,f,55,13,RKS6245,0
24144016-e553-4fcf-8eaa-50db5a3ca374,70619,2008-07-15,72996,translocation,985121012026041,m,46,10,RKS6145,96
24144016-e553-4fcf-8eaa-50db5a3ca374,70619,2008-07-15,72996,translocation,985121013706912,m,46,9,RKS6248,384
24144016-e553-4fcf-8eaa-50db5a3ca374,70619,2008-07-15,72996,translocation,985121012029728,m,43,8,RKS6232,192
24144016-e553-4fcf-8eaa-50db5a3ca374,70619,2008-07-15,72996,translocation,985121012024211,m,47,11,RKS6231,4272
24144016-e553-4fcf-8eaa-50db5a3ca374,70619,2008-07-15,72996,translocation,985121012028461,f,52,14,RKS6230,96
24144016-e553-4fcf-8eaa-50db5a3ca374,70619,2008-07-15,72996,translocation,985121013713747,m,48,12,RKS6246,7056
24144016-e553-4fcf-8eaa-50db5a3ca374,70619,2008-07-15,72996,translocation,985121013700755,m,48,10,RKS6252,44496
24144016-e553-4fcf-8eaa-50db5a3ca374,70619,2008-07-15,72996,translocation,985121013713217,f,50,12,RKS6251,NA
24144016-e553-4fcf-8eaa-50db5a3ca374,70619,2008-07-15,72996,translocation,985121013704817,f,56,18,RKS6250,1584
24144016-e553-4fcf-8eaa-50db5a3ca374,70619,2008-07-15,72996,translocation,985121012029588,m,53,14,RKS6236,5040
24144016-e553-4fcf-8eaa-50db5a3ca374,70619,2008-07-15,72996,translocation,985121013701012,f,44,11,RKS6249,240
24144016-e553-4fcf-8eaa-50db5a3ca374,70619,2008-07-15,72996,translocation,985121013699370,m,51,13,RKS6234,46175.99999999999
24144016-e553-4fcf-8eaa-50db5a3ca374,70619,2008-07-15,72996,translocation,985121012023067,m,47,9,RKS6229,144
24144016-e553-4fcf-8eaa-50db5a3ca374,70619,2008-07-15,72996,translocation,985121012056454,f,59,16,RKS6228,2880
24144016-e553-4fcf-8eaa-50db5a3ca374,70619,2008-07-15,72996,translocation,985121012030900,f,51,13,RKS6227,2928
24144016-e553-4fcf-8eaa-50db5a3ca374,70619,2008-07-15,72996,translocation,985121012033178,m,51,12,RKS6226,3216
24144016-e553-4fcf-8eaa-50db5a3ca374,70619,2008-07-15,72996,translocation,985121012028793,m,49,10,RKS6225,3120
24144016-e553-4fcf-8eaa-50db5a3ca374,70619,2008-07-15,72996,translocation,985121012025837,m,46,9,RKS6224,48
24144016-e553-4fcf-8eaa-50db5a3ca374,70619,2008-07-15,72996,translocation,985121012052049,m,47,8,RKS6223,672.0000000000001
24144016-e553-4fcf-8eaa-50db5a3ca374,70619,2008-07-15,72996,translocation,985121013702881,f,52,14,RKS6247,1392
24144016-e553-4fcf-8eaa-50db5a3ca374,70619,2008-07-15,72996,translocation,985121011988199,m,50,11,RKS6146,3935.9999999999995
7eee11df-9ef6-47b1-a09c-977509c99553,70628,2020-08-05,72996,translocation,982126058790578,m,48,10,RKS30024,2245.568
7eee11df-9ef6-47b1-a09c-977509c99553,70628,2020-08-05,72996,translocation,982126058790465,f,54,12,RKS30025,788.448
7eee11df-9ef6-47b1-a09c-977509c99553,70628,2020-08-05,72996,translocation,982126058790639,f,51,13,RKS30016,2185.352
7eee11df-9ef6-47b1-a09c-977509c99553,70628,2020-08-05,72996,translocation,982126058790617,f,50,12,RKS30015,48281.8
7eee11df-9ef6-47b1-a09c-977509c99553,70628,2020-08-05,72996,translocation,982126058790634,f,53,13,RKS30014,6557.4
7eee11df-9ef6-47b1-a09c-977509c99553,70628,2020-08-05,72996,translocation,982126058790626,f,54,11,RKS30017,1858.584
7eee11df-9ef6-47b1-a09c-977509c99553,70628,2020-08-05,72996,translocation,982126058790483,m,50,10,RKS30018,232.064
7eee11df-9ef6-47b1-a09c-977509c99553,70628,2020-08-05,72996,translocation,982126058790511,f,53,14,RKS30019,263.416
7eee11df-9ef6-47b1-a09c-977509c99553,70628,2020-08-05,72996,translocation,982126058790613,m,52,10,RKS30020,7245.616
7eee11df-9ef6-47b1-a09c-977509c99553,70628,2020-08-05,72996,translocation,982126058790615,m,54,13,RKS30021,2289.608
7eee11df-9ef6-47b1-a09c-977509c99553,70628,2020-08-05,72996,translocation,982126058790597,m,47,8,RKS30026,5794.76
7eee11df-9ef6-47b1-a09c-977509c99553,70628,2020-08-05,72996,translocation,982126058790614,m,49,10,RKS30027,11811.016
7eee11df-9ef6-47b1-a09c-977509c99553,70628,2020-08-05,72996,translocation,982126058790618,f,52,13,RKS30028,1122.056
7eee11df-9ef6-47b1-a09c-977509c99553,70628,2020-08-05,72996,translocation,982126058790545,m,46,8,RKS30029,1869.184
7eee11df-9ef6-47b1-a09c-977509c99553,70628,2020-08-05,72996,translocation,982126058790494,m,47,10,RKS30030,856.744
7eee11df-9ef6-47b1-a09c-977509c99553,70628,2020-08-05,72996,translocation,982126058790601,m,52,12,RKS30031,5589.048
7eee11df-9ef6-47b1-a09c-977509c99553,70628,2020-08-05,72996,translocation,982126058790557,f,51,11,RKS30032,9623.968
7eee11df-9ef6-47b1-a09c-977509c99553,70628,2020-08-05,72996,translocation,982126058790510,m,47,8,RKS30033,0
7eee11df-9ef6-47b1-a09c-977509c99553,70628,2020-08-05,72996,translocation,982126058790469,m,46,10,RKS30034,882.408
7eee11df-9ef6-47b1-a09c-977509c99553,70628,2020-08-05,72996,translocation,982126058790538,f,51,13,RKS30035,4954.824
7eee11df-9ef6-47b1-a09c-977509c99553,70628,2020-08-05,72996,translocation,982126058790488,m,50,11,RKS30036,2140.048
7eee11df-9ef6-47b1-a09c-977509c99553,70628,2020-08-05,72996,translocation,982126058790554,f,49,9,RKS30037,0
7eee11df-9ef6-47b1-a09c-977509c99553,70628,2020-08-05,72996,translocation,982126058790484,m,47,10,RKS30038,546.152
7eee11df-9ef6-47b1-a09c-977509c99553,70628,2020-08-05,72996,translocation,982126058790496,m,49,11,RKS30039,138.376
7eee11df-9ef6-47b1-a09c-977509c99553,70628,2020-08-05,72996,translocation,982126058790527,f,52,12,RKS30040,3845.736
7eee11df-9ef6-47b1-a09c-977509c99553,70628,2020-08-05,72996,translocation,982126058790508,f,52,14,RKS30041,944.28
7eee11df-9ef6-47b1-a09c-977509c99553,70628,2020-08-05,72996,translocation,982126058790481,f,48,12,RKS30042,0
7eee11df-9ef6-47b1-a09c-977509c99553,70628,2020-08-05,72996,translocation,982126058790524,m,48,12,RKS30043,450.208
7eee11df-9ef6-47b1-a09c-977509c99553,70628,2020-08-05,72996,translocation,982126058790610,f,49,10,RKS30022,0
7eee11df-9ef6-47b1-a09c-977509c99553,70628,2020-08-05,72996,translocation,982126058790549,f,52,13,RKS30023,3678.936
5c71eb12-8cbd-480f-a1e7-f1415f0f33a3,70641,2015-08-12,72996,translocation,900067000063917,f,42,8,RKS18668,617.28
5c71eb12-8cbd-480f-a1e7-f1415f0f33a3,70641,2015-08-12,72996,translocation,900067000063911,f,41,7,RKS18666,63247.2
5c71eb12-8cbd-480f-a1e7-f1415f0f33a3,70641,2015-08-12,72996,translocation,900067000063957,m,45,10,RKS18665,35091.84
5c71eb12-8cbd-480f-a1e7-f1415f0f33a3,70641,2015-08-12,72996,translocation,900067000063981,f,42,7,RKS18664,383292.48
5c71eb12-8cbd-480f-a1e7-f1415f0f33a3,70641,2015-08-12,72996,translocation,900067000063932,m,47,11,RKS18663,19795.68
5c71eb12-8cbd-480f-a1e7-f1415f0f33a3,70641,2015-08-12,72996,translocation,900067000063935,f,45,11,RKS18662,18760.32
5c71eb12-8cbd-480f-a1e7-f1415f0f33a3,70641,2015-08-12,72996,translocation,900067000063949,f,40,6,RKS18660,29386.56
5c71eb12-8cbd-480f-a1e7-f1415f0f33a3,70641,2015-08-12,72996,translocation,900067000063904,f,51,14,RKS18659,164978.4
5c71eb12-8cbd-480f-a1e7-f1415f0f33a3,70641,2015-08-12,72996,translocation,900067000063916,f,51,12,RKS18658,2351.04
5c71eb12-8cbd-480f-a1e7-f1415f0f33a3,70641,2015-08-12,72996,translocation,900067000063939,f,44,9,RKS18657,6939.36
5c71eb12-8cbd-480f-a1e7-f1415f0f33a3,70641,2015-08-12,72996,translocation,900067000063902,f,44,9,RKS18656,7517.28
5c71eb12-8cbd-480f-a1e7-f1415f0f33a3,70641,2015-08-12,72996,translocation,900067000063922,m,45,9,RKS18655,10028.16
5c71eb12-8cbd-480f-a1e7-f1415f0f33a3,70641,2015-08-12,72996,translocation,900067000063906,f,49,14,RKS18654,26304
5c71eb12-8cbd-480f-a1e7-f1415f0f33a3,70641,2015-08-12,72996,translocation,900067000063954,f,46,12,RKS18653,6085.44
5c71eb12-8cbd-480f-a1e7-f1415f0f33a3,70641,2015-08-12,72996,translocation,900067000063985,f,43,7,RKS18652,16755.36
5c71eb12-8cbd-480f-a1e7-f1415f0f33a3,70641,2015-08-12,72996,translocation,900067000063956,m,45,12,RKS18651,58910.4
5c71eb12-8cbd-480f-a1e7-f1415f0f33a3,70641,2015-08-12,72996,translocation,900067000063903,f,42,7,RKS18650,43555.68
5c71eb12-8cbd-480f-a1e7-f1415f0f33a3,70641,2015-08-12,72996,translocation,900067000063997,f,52,15,RKS18649,297495.84
5c71eb12-8cbd-480f-a1e7-f1415f0f33a3,70641,2015-08-12,72996,translocation,900067000063962,f,53,14,RKS18648,35673.6
5c71eb12-8cbd-480f-a1e7-f1415f0f33a3,70641,2015-08-12,72996,translocation,900067000063974,f,47,13,RKS18647,2336.64
5c71eb12-8cbd-480f-a1e7-f1415f0f33a3,70641,2015-08-12,72996,translocation,900067000063972,m,48,12,RKS18646,26458.08
5c71eb12-8cbd-480f-a1e7-f1415f0f33a3,70641,2015-08-12,72996,translocation,900067000063944,f,46,10,RKS18645,92711.04
5c71eb12-8cbd-480f-a1e7-f1415f0f33a3,70641,2015-08-12,72996,translocation,900067000063986,m,54,19,RKS18644,36081.12
5c71eb12-8cbd-480f-a1e7-f1415f0f33a3,70641,2015-08-12,72996,translocation,900067000063931,m,46,10,RKS18643,608.16
5c71eb12-8cbd-480f-a1e7-f1415f0f33a3,70641,2015-08-12,72996,translocation,900067000063968,f,52,15,RKS18642,65650.56
5c71eb12-8cbd-480f-a1e7-f1415f0f33a3,70641,2015-08-12,72996,translocation,900067000063975,f,55,17,RKS18641,3842.4
5c71eb12-8cbd-480f-a1e7-f1415f0f33a3,70641,2015-08-12,72996,translocation,900067000063912,m,41,7,RKS18640,3829.44
71c01686-a3cb-4e8c-be64-c29fd0fbdb0a,70641,2020-08-05,72996,translocation,982126058790482,f,41,7,RKS30044,2070.36
71c01686-a3cb-4e8c-be64-c29fd0fbdb0a,70641,2020-08-05,72996,translocation,982126058790542,f,51,12,RKS30045,845.152
71c01686-a3cb-4e8c-be64-c29fd0fbdb0a,70641,2020-08-05,72996,translocation,982126058790495,m,50,13,RKS30046,2935.168
71c01686-a3cb-4e8c-be64-c29fd0fbdb0a,70641,2020-08-05,72996,translocation,982126058790475,f,49,10,RKS30047,788.696
71c01686-a3cb-4e8c-be64-c29fd0fbdb0a,70641,2020-08-05,72996,translocation,982126058790464,m,46,10,RKS30048,1683.56
71c01686-a3cb-4e8c-be64-c29fd0fbdb0a,70641,2020-08-05,72996,translocation,982126058790537,m,40,7,RKS30049,478.864
71c01686-a3cb-4e8c-be64-c29fd0fbdb0a,70641,2020-08-05,72996,translocation,982126058790521,m,45,10,RKS30050,6380.104
71c01686-a3cb-4e8c-be64-c29fd0fbdb0a,70641,2020-08-05,72996,translocation,982126058790531,f,53,15,RKS30051,0
71c01686-a3cb-4e8c-be64-c29fd0fbdb0a,70641,2020-08-05,72996,translocation,982126058790556,m,47,10,RKS30052,1346.832
71c01686-a3cb-4e8c-be64-c29fd0fbdb0a,70641,2020-08-05,72996,translocation,982126058790370,f,46,10,RKS30053,0
71c01686-a3cb-4e8c-be64-c29fd0fbdb0a,70641,2020-08-05,72996,translocation,982126058790503,m,48,13,RKS30054,10224.52
71c01686-a3cb-4e8c-be64-c29fd0fbdb0a,70641,2020-08-05,72996,translocation,982126058790492,f,51,13,RKS31323,4832.696
71c01686-a3cb-4e8c-be64-c29fd0fbdb0a,70641,2020-08-05,72996,translocation,982126058790470,f,49,11,RKS31324,5315.768
71c01686-a3cb-4e8c-be64-c29fd0fbdb0a,70641,2020-08-05,72996,translocation,982126058790394,f,45,10,RKS31325,2697.936
71c01686-a3cb-4e8c-be64-c29fd0fbdb0a,70641,2020-08-05,72996,translocation,982126058790498,m,49,12,RKS31326,0
71c01686-a3cb-4e8c-be64-c29fd0fbdb0a,70641,2020-08-05,72996,translocation,982126058790461,m,46,9,RKS31327,389.976
71c01686-a3cb-4e8c-be64-c29fd0fbdb0a,70641,2020-08-05,72996,translocation,982126058790473,f,50,10,RKS31328,13860.384
71c01686-a3cb-4e8c-be64-c29fd0fbdb0a,70641,2020-08-05,72996,translocation,982126058790368,f,47,11,RKS31329,0
71c01686-a3cb-4e8c-be64-c29fd0fbdb0a,70641,2020-08-05,72996,translocation,982126058790517,f,51,12,RKS31330,145.512
71c01686-a3cb-4e8c-be64-c29fd0fbdb0a,70641,2020-08-05,72996,translocation,982126058790540,m,45,10,RKS31331,0
71c01686-a3cb-4e8c-be64-c29fd0fbdb0a,70641,2020-08-05,72996,translocation,982126058790479,f,41,7,RKS31332,0
71c01686-a3cb-4e8c-be64-c29fd0fbdb0a,70641,2020-08-05,72996,translocation,982126058790630,m,43,8,RKS31333,0
71c01686-a3cb-4e8c-be64-c29fd0fbdb0a,70641,2020-08-05,72996,translocation,982126058790512,f,46,8,RKS31334,4605.408
71c01686-a3cb-4e8c-be64-c29fd0fbdb0a,70641,2020-08-05,72996,translocation,982126058790535,m,43,8,RKS31335,425.968
71c01686-a3cb-4e8c-be64-c29fd0fbdb0a,70641,2020-08-05,72996,translocation,982126058790467,m,46,10,RKS31336,272.36
71c01686-a3cb-4e8c-be64-c29fd0fbdb0a,70641,2020-08-05,72996,translocation,982126058790493,m,49,11,RKS31337,232.32
71c01686-a3cb-4e8c-be64-c29fd0fbdb0a,70641,2020-08-05,72996,translocation,982126058790522,m,49,9,RKS31338,0
71c01686-a3cb-4e8c-be64-c29fd0fbdb0a,70641,2020-08-05,72996,translocation,982126058790501,m,44,11,RKS31339,392.64
71c01686-a3cb-4e8c-be64-c29fd0fbdb0a,70641,2020-08-05,72996,translocation,982126058790460,f,49,11,RKS31340,0
71c01686-a3cb-4e8c-be64-c29fd0fbdb0a,70641,2020-08-05,72996,translocation,982126058790358,f,58,21,RKS31341,0
5c71eb12-8cbd-480f-a1e7-f1415f0f33a3,70641,2015-08-12,72996,translocation,900067000063928,f,41,6,RKS18639,1074.24
5c71eb12-8cbd-480f-a1e7-f1415f0f33a3,70641,2015-08-12,72996,translocation,900067000063925,f,44,8,RKS18638,2765.28
5c71eb12-8cbd-480f-a1e7-f1415f0f33a3,70641,2015-08-12,72996,translocation,900067000063915,f,41,7,RKS18637,624.48
5c71eb12-8cbd-480f-a1e7-f1415f0f33a3,70641,2015-08-12,72996,translocation,900067000063983,m,50,13,RKS18636,0
5c71eb12-8cbd-480f-a1e7-f1415f0f33a3,70641,2015-08-12,72996,translocation,900067000063940,f,43,8,RKS18635,70805.76
5c71eb12-8cbd-480f-a1e7-f1415f0f33a3,70641,2015-08-12,72996,translocation,900067000063905,f,48,12,RKS18634,68889.12
5c71eb12-8cbd-480f-a1e7-f1415f0f33a3,70641,2015-08-12,72996,translocation,900067000063919,f,52,12,RKS18633,3907.2
5c71eb12-8cbd-480f-a1e7-f1415f0f33a3,70641,2015-08-12,72996,translocation,900067000063926,m,42,8,RKS18632,33850.08
5c71eb12-8cbd-480f-a1e7-f1415f0f33a3,70641,2015-08-12,72996,translocation,900067000063941,f,51,13,RKS18631,9816.48
5c71eb12-8cbd-480f-a1e7-f1415f0f33a3,70641,2015-08-12,72996,translocation,900067000063958,m,53,12,RKS18630,2310.24
5c71eb12-8cbd-480f-a1e7-f1415f0f33a3,70641,2015-08-12,72996,translocation,900067000063910,m,42,6,RKS18629,189745.92
5c71eb12-8cbd-480f-a1e7-f1415f0f33a3,70641,2015-08-12,72996,translocation,900067000063943,f,51,13,RKS18628,5912.16
5c71eb12-8cbd-480f-a1e7-f1415f0f33a3,70641,2015-08-12,72996,translocation,900067000063970,m,42,7,RKS18627,25297.92
5c71eb12-8cbd-480f-a1e7-f1415f0f33a3,70641,2015-08-12,72996,translocation,900067000064000,f,40,6,RKS18626,827.04
5c71eb12-8cbd-480f-a1e7-f1415f0f33a3,70641,2015-08-12,72996,translocation,900067000063959,m,43,8,RKS18625,67543.2
5c71eb12-8cbd-480f-a1e7-f1415f0f33a3,70641,2015-08-12,72996,translocation,900067000063979,f,42,7,RKS18624,3489.6
5c71eb12-8cbd-480f-a1e7-f1415f0f33a3,70641,2015-08-12,72996,translocation,900067000063946,m,50,13,RKS18614,26345.28
5c71eb12-8cbd-480f-a1e7-f1415f0f33a3,70641,2015-08-12,72996,translocation,900067000063920,f,41,7,RKS18613,4875.36
5c71eb12-8cbd-480f-a1e7-f1415f0f33a3,70641,2015-08-12,72996,translocation,900067000063913,f,49,13,RKS18612,13824.96
5c71eb12-8cbd-480f-a1e7-f1415f0f33a3,70641,2015-08-12,72996,translocation,900067000063918,m,42,8,RKS18611,0
5c71eb12-8cbd-480f-a1e7-f1415f0f33a3,70641,2015-08-12,72996,translocation,900067000063947,m,51,13,RKS18610,5062.08
5c71eb12-8cbd-480f-a1e7-f1415f0f33a3,70641,2015-08-12,72996,translocation,900067000063907,f,49,11,RKS18609,3523.2
5c71eb12-8cbd-480f-a1e7-f1415f0f33a3,70641,2015-08-12,72996,translocation,900067000063971,f,52,15,RKS18608,10892.16
5c71eb12-8cbd-480f-a1e7-f1415f0f33a3,70641,2015-08-12,72996,translocation,900067000063980,m,47,12,RKS18607,4164.48
5c71eb12-8cbd-480f-a1e7-f1415f0f33a3,70641,2015-08-12,72996,translocation,900067000063961,m,47,11,RKS18606,0
5c71eb12-8cbd-480f-a1e7-f1415f0f33a3,70641,2015-08-12,72996,translocation,900067000063993,m,49,11,RKS18605,10363.68
5c71eb12-8cbd-480f-a1e7-f1415f0f33a3,70641,2015-08-12,72996,translocation,900067000063930,f,46,9,RKS18604,567.36
5c71eb12-8cbd-480f-a1e7-f1415f0f33a3,70641,2015-08-12,72996,translocation,900067000063987,f,43,7,RKS18603,1930.56
5c71eb12-8cbd-480f-a1e7-f1415f0f33a3,70641,2015-08-12,72996,translocation,900067000063969,m,44,9,RKS18602,202364.64
5c71eb12-8cbd-480f-a1e7-f1415f0f33a3,70641,2015-08-12,72996,translocation,900067000063953,f,47,10,RKS18601,14872.32
5c71eb12-8cbd-480f-a1e7-f1415f0f33a3,70641,2015-08-12,72996,translocation,900067000063978,f,40,7,RKS18600,27609.6
5c71eb12-8cbd-480f-a1e7-f1415f0f33a3,70641,2015-08-12,72996,translocation,900067000063963,f,52,14,RKS18599,91421.76
5c71eb12-8cbd-480f-a1e7-f1415f0f33a3,70641,2015-08-12,72996,translocation,900067000063950,f,51,14,RKS18598,9612
5c71eb12-8cbd-480f-a1e7-f1415f0f33a3,70641,2015-08-12,72996,translocation,900067000063948,m,42,8,RKS18597,4069.44
5c71eb12-8cbd-480f-a1e7-f1415f0f33a3,70641,2015-08-12,72996,translocation,900067000063936,m,48,12,RKS18596,15132.48
5c71eb12-8cbd-480f-a1e7-f1415f0f33a3,70641,2015-08-12,72996,translocation,982000365440287,m,45,12,RKS18595,584.16
5c71eb12-8cbd-480f-a1e7-f1415f0f33a3,70641,2015-08-12,72996,translocation,900043000104460,f,42,7,RKS18594,96
5c71eb12-8cbd-480f-a1e7-f1415f0f33a3,70641,2015-08-12,72996,translocation,982000365440332,f,52,14,RKS18593,84.96
5c71eb12-8cbd-480f-a1e7-f1415f0f33a3,70641,2015-08-12,72996,translocation,982000365440285,f,40,8,RKS18592,136336.32
5c71eb12-8cbd-480f-a1e7-f1415f0f33a3,70641,2015-08-12,72996,translocation,900043000104497,m,53,15,RKS18591,21160.8
5c71eb12-8cbd-480f-a1e7-f1415f0f33a3,70641,2015-08-12,72996,translocation,982000365440260,f,49,12,RKS18590,18058.56
5c71eb12-8cbd-480f-a1e7-f1415f0f33a3,70641,2015-08-12,72996,translocation,982000365440336,f,42,9,RKS18589,377.28
5c71eb12-8cbd-480f-a1e7-f1415f0f33a3,70641,2015-08-12,72996,translocation,982000365440352,m,41,8,RKS18588,11397.6
5c71eb12-8cbd-480f-a1e7-f1415f0f33a3,70641,2015-08-12,72996,translocation,982000365440280,m,45,15,RKS18587,297.6
5c71eb12-8cbd-480f-a1e7-f1415f0f33a3,70641,2015-08-12,72996,translocation,982000365440205,f,44,9,RKS18586,9112.32
5c71eb12-8cbd-480f-a1e7-f1415f0f33a3,70641,2015-08-12,72996,translocation,982000365440245,m,50,14,RKS18585,0
5c71eb12-8cbd-480f-a1e7-f1415f0f33a3,70641,2015-08-12,72996,translocation,982000365440186,f,45,10,RKS18584,3020.64
5c71eb12-8cbd-480f-a1e7-f1415f0f33a3,70641,2015-08-12,72996,translocation,982000365440197,f,47,12,RKS18583,47060.16
5c71eb12-8cbd-480f-a1e7-f1415f0f33a3,70641,2015-08-12,72996,translocation,982000365440172,m,43,9,RKS18582,40865.76
5c71eb12-8cbd-480f-a1e7-f1415f0f33a3,70641,2015-08-12,72996,translocation,982000365440196,m,47,13,RKS18581,71515.2
5c71eb12-8cbd-480f-a1e7-f1415f0f33a3,70641,2015-08-12,72996,translocation,982000365440349,f,49,14,RKS18580,4281.12
5c71eb12-8cbd-480f-a1e7-f1415f0f33a3,70641,2015-08-12,72996,translocation,982000365440278,f,51,14,RKS18579,4706.88
5c71eb12-8cbd-480f-a1e7-f1415f0f33a3,70641,2015-08-12,72996,translocation,982000365440211,f,51,15,RKS18578,31761.12
5c71eb12-8cbd-480f-a1e7-f1415f0f33a3,70641,2015-08-12,72996,translocation,982000365440187,f,53,14,RKS18577,133903.68
5c71eb12-8cbd-480f-a1e7-f1415f0f33a3,70641,2015-08-12,72996,translocation,982000365440269,m,43,8,RKS18576,40028.64
5c71eb12-8cbd-480f-a1e7-f1415f0f33a3,70641,2015-08-12,72996,translocation,900067000063937,f,51,12,RKS18575,33911.52
5c71eb12-8cbd-480f-a1e7-f1415f0f33a3,70641,2015-08-12,72996,translocation,900067000063929,f,45,11,RKS18574,36948.48
5c71eb12-8cbd-480f-a1e7-f1415f0f33a3,70641,2015-08-12,72996,translocation,900067000063977,m,44,9,RKS18573,11568
5c71eb12-8cbd-480f-a1e7-f1415f0f33a3,70641,2015-08-12,72996,translocation,900067000063988,m,40,6,RKS18572,18274.08
5c71eb12-8cbd-480f-a1e7-f1415f0f33a3,70641,2015-08-12,72996,translocation,900067000063942,f,42,8,RKS18571,1906.56
5c71eb12-8cbd-480f-a1e7-f1415f0f33a3,70641,2015-08-12,72996,translocation,900067000063933,f,46,13,RKS18570,60503.52
5c71eb12-8cbd-480f-a1e7-f1415f0f33a3,70641,2015-08-12,72996,translocation,900067000063966,f,41,9,RKS18569,21063.36
5c71eb12-8cbd-480f-a1e7-f1415f0f33a3,70641,2015-08-12,72996,translocation,900067000063952,m,48,13,RKS18568,82120.8
5c71eb12-8cbd-480f-a1e7-f1415f0f33a3,70641,2015-08-12,72996,translocation,900067000063914,f,44,9,RKS18567,98029.92
5c71eb12-8cbd-480f-a1e7-f1415f0f33a3,70641,2015-08-12,72996,translocation,900067000063938,m,49,14,RKS18566,62992.8
5c71eb12-8cbd-480f-a1e7-f1415f0f33a3,70641,2015-08-12,72996,translocation,900067000063945,m,39,8,RKS18565,15763.2
5c71eb12-8cbd-480f-a1e7-f1415f0f33a3,70641,2015-08-12,72996,translocation,900067000063996,f,41,9,RKS18564,8318.88
69a0cbb8-1c47-40c1-b78e-bd96f00d9498,70641,2017-08-09,72996,translocation,900067000117396,m,51,13,RKS24179,19572.928
69a0cbb8-1c47-40c1-b78e-bd96f00d9498,70641,2017-08-09,72996,translocation,900067000117410,f,45,9,RKS24180,38046.752
69a0cbb8-1c47-40c1-b78e-bd96f00d9498,70641,2017-08-09,72996,translocation,900067000117388,m,47,10,RKS24181,5643.544
69a0cbb8-1c47-40c1-b78e-bd96f00d9498,70641,2017-08-09,72996,translocation,900067000117427,m,50,13,RKS24182,11293.464
69a0cbb8-1c47-40c1-b78e-bd96f00d9498,70641,2017-08-09,72996,translocation,900067000117436,m,50,12,RKS24183,18437.12
69a0cbb8-1c47-40c1-b78e-bd96f00d9498,70641,2017-08-09,72996,translocation,900067000117443,m,49,13,RKS24184,567.488
69a0cbb8-1c47-40c1-b78e-bd96f00d9498,70641,2017-08-09,72996,translocation,900067000117404,f,51,11,RKS24185,1776937.6
69a0cbb8-1c47-40c1-b78e-bd96f00d9498,70641,2017-08-09,72996,translocation,900067000117419,f,44,12,RKS24186,1820.328
69a0cbb8-1c47-40c1-b78e-bd96f00d9498,70641,2017-08-09,72996,translocation,900067000117415,m,47,10,RKS24187,53785.608
69a0cbb8-1c47-40c1-b78e-bd96f00d9498,70641,2017-08-09,72996,translocation,900067000117429,m,53,14,RKS24188,572966
69a0cbb8-1c47-40c1-b78e-bd96f00d9498,70641,2017-08-09,72996,translocation,900067000117409,f,50,12,RKS24189,2805.224
69a0cbb8-1c47-40c1-b78e-bd96f00d9498,70641,2017-08-09,72996,translocation,900067000117398,m,50,11,RKS24190,4929.784
69a0cbb8-1c47-40c1-b78e-bd96f00d9498,70641,2017-08-09,72996,translocation,900067000117425,f,43,7,RKS24191,4697.744
69a0cbb8-1c47-40c1-b78e-bd96f00d9498,70641,2017-08-09,72996,translocation,900067000117381,m,47,11,RKS24192,0
69a0cbb8-1c47-40c1-b78e-bd96f00d9498,70641,2017-08-09,72996,translocation,900067000117479,m,50,11,RKS24193,73803.856
69a0cbb8-1c47-40c1-b78e-bd96f00d9498,70641,2017-08-09,72996,translocation,900067000117442,f,50,13,RKS24194,4160.824
69a0cbb8-1c47-40c1-b78e-bd96f00d9498,70641,2017-08-09,72996,translocation,900067000117440,f,44,7,RKS24195,31473.68
69a0cbb8-1c47-40c1-b78e-bd96f00d9498,70641,2017-08-09,72996,translocation,900067000116952,f,51,14,RKS24196,62320.408
69a0cbb8-1c47-40c1-b78e-bd96f00d9498,70641,2017-08-09,72996,translocation,900067000116914,f,42,8,RKS24197,5111.528
69a0cbb8-1c47-40c1-b78e-bd96f00d9498,70641,2017-08-09,72996,translocation,900067000116898,f,47,12,RKS24198,0
69a0cbb8-1c47-40c1-b78e-bd96f00d9498,70641,2017-08-09,72996,translocation,900067000116917,f,47,9,RKS24199,2879.608
69a0cbb8-1c47-40c1-b78e-bd96f00d9498,70641,2017-08-09,72996,translocation,900067000116955,f,47,9,RKS24200,21979.936
69a0cbb8-1c47-40c1-b78e-bd96f00d9498,70641,2017-08-09,72996,translocation,900067000116890,f,45,10,RKS24201,3891.448
69a0cbb8-1c47-40c1-b78e-bd96f00d9498,70641,2017-08-09,72996,translocation,900067000116969,m,47,12,RKS24202,8970.848
69a0cbb8-1c47-40c1-b78e-bd96f00d9498,70641,2017-08-09,72996,translocation,900067000116921,f,52,13,RKS24203,13376.968
69a0cbb8-1c47-40c1-b78e-bd96f00d9498,70641,2017-08-09,72996,translocation,900067000116883,f,48,12,RKS24204,6182.056
69a0cbb8-1c47-40c1-b78e-bd96f00d9498,70641,2017-08-09,72996,translocation,900067000117414,f,52,13,RKS24178,1073.808
69a0cbb8-1c47-40c1-b78e-bd96f00d9498,70641,2017-08-09,72996,translocation,900067000117395,f,42,8,RKS24177,105.352
69a0cbb8-1c47-40c1-b78e-bd96f00d9498,70641,2017-08-09,72996,translocation,900067000117428,f,48,11,RKS24176,13772.696
69a0cbb8-1c47-40c1-b78e-bd96f00d9498,70641,2017-08-09,72996,translocation,900067000117437,m,47,8,RKS24175,44659.84
5c71eb12-8cbd-480f-a1e7-f1415f0f33a3,70641,2015-08-12,72996,translocation,900067000063995,f,40,5,RKS18681,289.92
5c71eb12-8cbd-480f-a1e7-f1415f0f33a3,70641,2015-08-12,72996,translocation,900067000063951,m,47,11,RKS18671,4717.44
5c71eb12-8cbd-480f-a1e7-f1415f0f33a3,70641,2015-08-12,72996,translocation,900067000063924,m,44,8,RKS18670,26120.16
5c71eb12-8cbd-480f-a1e7-f1415f0f33a3,70641,2015-08-12,72996,translocation,900067000063982,m,44,9,RKS18669,923.52
5c71eb12-8cbd-480f-a1e7-f1415f0f33a3,70641,2015-08-12,72996,translocation,900067000063921,f,40,6,RKS18667,454.08
2afe9666-549c-4b85-862a-dd108b31f4f6,74976,2018-07-18,70459,translocation,900067000117439,m,53,16,RKS26189,0
d3d711ea-3eb8-4f7f-84aa-b9d53f481be5,74976,2020-07-06,70459,translocation,900067000117113,m,46,11,RKS29901,10162.12
d3d711ea-3eb8-4f7f-84aa-b9d53f481be5,74976,2020-07-06,70459,translocation,900043000144831,m,55,16,RKS29900,0
d3d711ea-3eb8-4f7f-84aa-b9d53f481be5,74976,2020-07-06,70459,translocation,900043000144422,f,61,25,RKS29899,1002.056
d3d711ea-3eb8-4f7f-84aa-b9d53f481be5,74976,2020-07-06,70459,translocation,900043000144021,f,63,20,RKS29898,1527.288
d3d711ea-3eb8-4f7f-84aa-b9d53f481be5,74976,2020-07-06,70459,translocation,900067000117157,f,42,9,RKS29897,4641.2
d3d711ea-3eb8-4f7f-84aa-b9d53f481be5,74976,2020-07-06,70459,translocation,900067000117177,f,43,8,RKS29896,1075.824
d3d711ea-3eb8-4f7f-84aa-b9d53f481be5,74976,2020-07-06,70459,translocation,900067000117130,f,54,20,RKS29895,817.016
d3d711ea-3eb8-4f7f-84aa-b9d53f481be5,74976,2020-07-06,70459,translocation,900067000116985,f,52,15,RKS29894,104412.232
d3d711ea-3eb8-4f7f-84aa-b9d53f481be5,74976,2020-07-06,70459,translocation,900067000117043,f,42,8,RKS29893,8119.992
d3d711ea-3eb8-4f7f-84aa-b9d53f481be5,74976,2020-07-06,70459,translocation,900043000144475,f,41,7,RKS29892,1658.744
d3d711ea-3eb8-4f7f-84aa-b9d53f481be5,74976,2020-07-06,70459,translocation,900067000117027,f,61,25,RKS29891,3130.856
d3d711ea-3eb8-4f7f-84aa-b9d53f481be5,74976,2020-07-06,70459,translocation,900067000117176,f,58,19,RKS29890,46522.616
d3d711ea-3eb8-4f7f-84aa-b9d53f481be5,74976,2020-07-06,70459,translocation,900067000117102,m,56,19,RKS29889,25029.456
d3d711ea-3eb8-4f7f-84aa-b9d53f481be5,74976,2020-07-06,70459,translocation,900067000117123,f,43,8,RKS29888,2870.312
d3d711ea-3eb8-4f7f-84aa-b9d53f481be5,74976,2020-07-06,70459,translocation,900067000117080,m,48,12,RKS29887,1660.752
d3d711ea-3eb8-4f7f-84aa-b9d53f481be5,74976,2020-07-06,70459,translocation,900067000116982,m,54,17,RKS29886,7005.28
d3d711ea-3eb8-4f7f-84aa-b9d53f481be5,74976,2020-07-06,70459,translocation,900043000144473,m,54,18,RKS29885,2099.8
d3d711ea-3eb8-4f7f-84aa-b9d53f481be5,74976,2020-07-06,70459,translocation,900043000144484,f,59,21,RKS29884,28286.784
2afe9666-549c-4b85-862a-dd108b31f4f6,74976,2018-07-18,70459,translocation,900067000117396,f,60,29,RKS26446,2440.992
2afe9666-549c-4b85-862a-dd108b31f4f6,74976,2018-07-18,70459,translocation,900067000117451,f,60,28,RKS26445,197.232
2afe9666-549c-4b85-862a-dd108b31f4f6,74976,2018-07-18,70459,translocation,900067000117477,f,63,30,RKS26444,1738.44
2afe9666-549c-4b85-862a-dd108b31f4f6,74976,2018-07-18,70459,translocation,900067000117405,f,62,26,RKS26443,9176.128
2afe9666-549c-4b85-862a-dd108b31f4f6,74976,2018-07-18,70459,translocation,900067000117389,f,58,22,RKS26442,788.68
2afe9666-549c-4b85-862a-dd108b31f4f6,74976,2018-07-18,70459,translocation,900067000117467,f,55,19,RKS26441,0
2afe9666-549c-4b85-862a-dd108b31f4f6,74976,2018-07-18,70459,translocation,900067000117407,f,41,8,RKS26440,168.24
2afe9666-549c-4b85-862a-dd108b31f4f6,74976,2018-07-18,70459,translocation,900067000117469,f,54,17,RKS26439,5504.728
2afe9666-549c-4b85-862a-dd108b31f4f6,74976,2018-07-18,70459,translocation,900067000117285,m,46,10,RKS26198,191.36
2afe9666-549c-4b85-862a-dd108b31f4f6,74976,2018-07-18,70459,translocation,900067000117350,m,55,18,RKS26197,15397.44
2afe9666-549c-4b85-862a-dd108b31f4f6,74976,2018-07-18,70459,translocation,900067000117420,m,44,10,RKS26196,543.968
2afe9666-549c-4b85-862a-dd108b31f4f6,74976,2018-07-18,70459,translocation,900067000117445,m,52,14,RKS26195,783.304
2afe9666-549c-4b85-862a-dd108b31f4f6,74976,2018-07-18,70459,translocation,900067000117470,m,55,16,RKS26194,560.96
2afe9666-549c-4b85-862a-dd108b31f4f6,74976,2018-07-18,70459,translocation,900067000117399,m,44,10,RKS26193,554.072
2afe9666-549c-4b85-862a-dd108b31f4f6,74976,2018-07-18,70459,translocation,900067000117393,m,53,20,RKS26192,377.936
2afe9666-549c-4b85-862a-dd108b31f4f6,74976,2018-07-18,70459,translocation,900067000117433,m,55,17,RKS26191,409.632
2afe9666-549c-4b85-862a-dd108b31f4f6,74976,2018-07-18,70459,translocation,900067000117385,m,52,18,RKS26190,0
